scoring_id,origin,source_key,name,capability,definition_match,definition_complete,setup_count,action_count,oracle_count,negative_control,legacy_execution_available,source_definition,contract_hash
http-noncommon-0001,urllib3,0.3:redirect_consumes_retry_budget,redirect_consumes_retry_budget,http.redirect.retry-budget,exact_version_and_name,true,2,1,1,ignore_redirect_retry_budget,true,contracts/urllib3/all_releases_maximal_language_independent.rpl:2786,750b96d9819ab0abf5980717afb9da97bf7472f061cf779566c96abca39efef1
http-noncommon-0002,urllib3,0.3:pool_rejects_foreign_origin_requests,pool_rejects_foreign_origin_requests,http.url.origin-guard,exact_version_and_name,true,1,1,2,allow_foreign_origin_on_pool,false,contracts/urllib3/all_releases_maximal_language_independent.rpl:2807,6f59e7671a9fb29e501d13b2fc4031205f24941d7aadb4865f05a5e84ae5cee0
http-noncommon-0003,urllib3,0.3:broken_connection_is_retried_until_success,broken_connection_is_retried_until_success,http.retry.broken-connection,exact_version_and_name,true,1,1,3,disable_retry_after_broken_connection,true,contracts/urllib3/all_releases_maximal_language_independent.rpl:2818,43bbecc7b1ca6a06c5ff8d64c13a2431ad27c254d5864ccca55d1e1c9e8fd031
http-noncommon-0004,urllib3,2.7.0:streaming_decompression_bomb_guard_limits_output,streaming_decompression_bomb_guard_limits_output,http.response.decompression-bomb-guard,exact_version_and_name,true,1,1,2,disable_streaming_decompression_guard,true,contracts/urllib3/all_releases_maximal_language_independent.rpl:7,6f735f2e696223e45d74aae77e548e05ceb57446222d26f7838d4a228abf4ec0
http-noncommon-0005,urllib3,2.6.3:retry_after_header_is_capped_at_six_hours,retry_after_header_is_capped_at_six_hours,http.retry.retry-after-cap,exact_version_and_name,true,1,1,1,allow_retry_after_above_six_hours,true,contracts/urllib3/all_releases_maximal_language_independent.rpl:87,9476d578a2a26f4145ed999c7c749bcad8eade97ea4a06c761a38804b126b68e
http-noncommon-0006,urllib3,2.6.1:response_legacy_header_accessors_are_available,response_legacy_header_accessors_are_available,http.response.header-access,exact_version_and_name,true,1,2,2,remove_legacy_response_header_accessors,true,contracts/urllib3/all_releases_maximal_language_independent.rpl:114,6d79b3f169e9921bd993f51989343116c3ea9a6fcec38b78c4ad49dce385400b
http-noncommon-0007,urllib3,2.6.0:http_header_dict_accepts_bytes_keys,http_header_dict_accepts_bytes_keys,http.headers.key-equivalence,exact_version_and_name,true,1,3,3,reject_bytes_header_keys,false,contracts/urllib3/all_releases_maximal_language_independent.rpl:150,bd21fcc035832d020b20d9cd4c4e15735b92c74c1ffeb076a9a5f47ab778dc93
http-noncommon-0008,urllib3,2.6.0:connection_string_representation_includes_host_and_port,connection_string_representation_includes_host_and_port,http.connection.identity,exact_version_and_name,true,1,1,2,omit_host_or_port_from_connection_string,false,contracts/urllib3/all_releases_maximal_language_independent.rpl:164,6d32821b7bbbf5b27382271eeea101985edb2e5dcb3b69ccf637d7dad9b51463
http-noncommon-0009,urllib3,2.6.0:sslkeylogfile_expands_environment_variables,sslkeylogfile_expands_environment_variables,tls.keylogfile,exact_version_and_name,true,2,1,1,do_not_expand_sslkeylogfile_variables,false,contracts/urllib3/all_releases_maximal_language_independent.rpl:195,8158c012d3eae807687fe11e670a05f2af6aeb6ac7355b202915659b0ccc84af
http-noncommon-0010,urllib3,2.7.0:response_stream_amt_zero_yields_empty_without_consuming,response_stream_amt_zero_yields_empty_without_consuming,http.response.stream-zero,exact_version_and_name,true,1,2,2,amt_zero_consumes_stream_data,false,contracts/urllib3/all_releases_maximal_language_independent.rpl:51,77b44638ee394c2f29bde53dbfaa55a4ca6556cc7b39fdaea0c1239feaef9c3b
http-noncommon-0011,urllib3,2.6.0:content_encoding_chain_is_limited_to_five,content_encoding_chain_is_limited_to_five,http.response.content-encoding-limit,exact_version_and_name,true,1,1,1,allow_unbounded_content_encoding_chain,true,contracts/urllib3/all_releases_maximal_language_independent.rpl:140,94fd0d2500287fdba2012af02a23bf3327a0b5825cf1dd33c754bd954baf0fdb
http-noncommon-0012,urllib3,2.0.5:default_blocksize_is_16k,default_blocksize_is_16k,http.request.blocksize,exact_version_and_name,true,1,1,1,use_non_16k_default_blocksize,false,contracts/urllib3/all_releases_maximal_language_independent.rpl:519,dfbcf59d8ab8ac660ad11692329dfb1b153095d6dac4e993eb444515d90a87fd
http-noncommon-0013,urllib3,1.25.6:tilde_in_url_path_is_not_percent_encoded,tilde_in_url_path_is_not_percent_encoded,http.url.percent-encoding,exact_version_and_name,true,1,1,1,percent_encode_tilde_in_path,true,contracts/urllib3/all_releases_maximal_language_independent.rpl:1370,673be934518c1571d6262f3b18d57e298a39398e29a0aa5eaf9f0539360c6117
http-noncommon-0014,urllib3,2.0.0:custom_retry_backoff_max_limits_backoff,custom_retry_backoff_max_limits_backoff,http.retry.backoff,exact_version_and_name,true,1,1,1,ignore_custom_backoff_max,false,contracts/urllib3/all_releases_maximal_language_independent.rpl:679,26caadd12fe525152c554b0ba785e042b40f108e4ba84cfdb3b404788efb7d3a
http-noncommon-0015,urllib3,2.0.0:retry_backoff_jitter_is_added_within_bounds,retry_backoff_jitter_is_added_within_bounds,http.retry.backoff,exact_version_and_name,true,1,1,2,ignore_or_exceed_backoff_jitter,false,contracts/urllib3/all_releases_maximal_language_independent.rpl:722,474c9ef22753d7904d6bb48b3fea5c31de04185f7a23f4d3a78e43f2ad1b83dd
http-noncommon-0016,urllib3,2.0.0:retry_backoff_constant_is_renamed_without_value_change,retry_backoff_constant_is_renamed_without_value_change,http.retry.backoff,exact_version_and_name,true,1,1,1,missing_default_backoff_max,false,contracts/urllib3/all_releases_maximal_language_independent.rpl:816,cac914ebf0ea38d0d4b1e2d3e82bab2f5f1b6389239f7b2fc57ce5cdfd3ed216
http-noncommon-0017,urllib3,2.0.4:http_header_dict_supports_union_operators,http_header_dict_supports_union_operators,http.headers.merge-policy,exact_version_and_name,true,2,1,1,missing_header_union_operator,false,contracts/urllib3/all_releases_maximal_language_independent.rpl:532,c18d0442cfb9965798be412ae9c75b306882eca7c77b78ddf2c627c94260bff6
http-noncommon-0018,urllib3,2.0.0:http_header_dict_can_repeat_or_combine_values,http_header_dict_can_repeat_or_combine_values,http.headers.merge-policy,exact_version_and_name,true,1,2,1,ignore_header_combine_policy,false,contracts/urllib3/all_releases_maximal_language_independent.rpl:648,da31d67819de74d97eb49eb35af6f1e9a4ce64431edc750328563d61a50d4276
http-noncommon-0019,urllib3,2.0.0:proxy_certificate_hostname_assertion_is_configurable,proxy_certificate_hostname_assertion_is_configurable,http.proxy.tls-verification,exact_version_and_name,true,1,1,1,ignore_proxy_assert_hostname,false,contracts/urllib3/all_releases_maximal_language_independent.rpl:669,ba2e9d03dad4908d389228603095f093f0ce1ede1dabd812b152f4e5b97ca1b7
http-noncommon-0020,urllib3,2.0.0:multipart_header_control_characters_are_not_percent_encoded,multipart_header_control_characters_are_not_percent_encoded,http.multipart.header-formatting,exact_version_and_name,true,1,1,2,percent_encode_control_characters_in_multipart_filename,true,contracts/urllib3/all_releases_maximal_language_independent.rpl:775,bbb7949352b2b04c2264c6d03df80e86dafd2967250018ff0f974bcc79e1498a
http-noncommon-0021,urllib3,2.0.0:response_read_respects_buffered_io_semantics,response_read_respects_buffered_io_semantics,http.response.read-buffered-semantics,exact_version_and_name,true,1,1,2,return_more_than_requested_from_read,false,contracts/urllib3/all_releases_maximal_language_independent.rpl:733,99a7b97a014aaa546c0241706d3c0beca7d740a8550dcbbfdb19f4f6883eefa9
http-noncommon-0022,urllib3,2.0.1:response_read_zero_returns_empty_without_error,response_read_zero_returns_empty_without_error,http.response.read-zero,exact_version_and_name,true,1,1,1,read_zero_consumes_or_errors,false,contracts/urllib3/all_releases_maximal_language_independent.rpl:595,cc2e154763bb024defa7fb90cf2fc7b1401b701c7c8634abc25bec2f54d936ee
http-noncommon-0023,urllib3,2.2.2:response_read_negative_amt_behaves_like_read_all,response_read_negative_amt_behaves_like_read_all,http.response.read-negative,exact_version_and_name,true,1,1,1,reject_negative_read_amt,false,contracts/urllib3/all_releases_maximal_language_independent.rpl:345,407537adb0e7e129ba9330f90b8c91514737cbcc43f0e196875b433406ce7da9
http-noncommon-0024,urllib3,2.2.0:response_read1_is_available_and_reads_bytes,response_read1_is_available_and_reads_bytes,http.response.read1,exact_version_and_name,true,1,1,1,missing_read1_method,false,contracts/urllib3/all_releases_maximal_language_independent.rpl:392,ecabbff1eb2e3a1b19f266d4f3aaf9f27c4d2a256ad0b9b2ddc8ef6210667be2
http-noncommon-0025,urllib3,1.26.16:poolmanager_many_origins_does_not_close_in_use_pools,poolmanager_many_origins_does_not_close_in_use_pools,http.connection.poolmanager-lifecycle,exact_version_and_name,true,3,2,2,close_in_use_pool_when_evicted,false,contracts/urllib3/all_releases_maximal_language_independent.rpl:993,98461dabaef43622a19e560add8230ba465f8790fce0063e4e1ffb529c17f5a2
http-noncommon-0026,urllib3,1.26.15:url_ipv6_zone_identifier_is_accepted,url_ipv6_zone_identifier_is_accepted,http.url.ipv6-zone,exact_version_and_name,true,1,1,1,reject_ipv6_zone_identifier,true,contracts/urllib3/all_releases_maximal_language_independent.rpl:1022,64e630f8c5c6a37bfb6ceb10fd7dd4e8bae4c89fbb28a4810060114f9994cf24
http-noncommon-0027,urllib3,1.26.14:url_port_zero_is_preserved,url_port_zero_is_preserved,http.url.port,exact_version_and_name,true,1,1,1,treat_port_zero_as_absent,true,contracts/urllib3/all_releases_maximal_language_independent.rpl:1035,179728f55a8dcfc858da2877a9a2883272a265522761dad15a796d0dbaae85ee
http-noncommon-0028,urllib3,1.25.7:empty_query_section_is_preserved,empty_query_section_is_preserved,http.url.query,exact_version_and_name,true,1,1,1,reject_empty_query_section,true,contracts/urllib3/all_releases_maximal_language_independent.rpl:1357,ff202cd2e57c6fffc4f90d8025ff9ff0dbb1955f932dcc3a42fcccaebf014c96
http-noncommon-0029,urllib3,1.25.4:url_path_query_fragment_invalid_chars_are_percent_encoded,url_path_query_fragment_invalid_chars_are_percent_encoded,http.url.percent-encoding,exact_version_and_name,true,1,1,2,leave_invalid_url_characters_unencoded,true,contracts/urllib3/all_releases_maximal_language_independent.rpl:1428,42f7e24488b481c1c2133848ac8f4af0de088dcfe51535962150cafce0f0ec4c
http-noncommon-0030,urllib3,1.10:max_retry_error_reason_is_exception,max_retry_error_reason_is_exception,http.retry.error-shape,exact_version_and_name,true,1,1,2,store_non_exception_max_retry_reason,false,contracts/urllib3/all_releases_maximal_language_independent.rpl:2187,e98f5db571e07259521da84de1b29d2a563b61c8f8470f3c9beddb0a61f8e797
http-noncommon-0031,urllib3,1.9.1:only_fingerprint_verification_is_supported,only_fingerprint_verification_is_supported,tls.fingerprint-verification,exact_version_and_name,true,1,1,1,require_ca_certificate_even_with_matching_fingerprint,true,contracts/urllib3/all_releases_maximal_language_independent.rpl:2231,0ce6c546f939798b04f4ea7fa108ccc3b1290103393d478be6c98b6941f0556a
http-noncommon-0032,urllib3,1.15:retry_raise_on_status_false_returns_error_response,retry_raise_on_status_false_returns_error_response,http.retry.status-policy,exact_version_and_name,true,1,1,1,raise_on_status_despite_disabled_policy,true,contracts/urllib3/all_releases_maximal_language_independent.rpl:1918,63aecb45d1351f3605403613345adf84d06b7b3eb5bd500cd1b2fd61786c22da
http-noncommon-0033,urllib3,1.25.4:retry_after_setting_propagates_to_subsequent_retries,retry_after_setting_propagates_to_subsequent_retries,http.retry.retry-after-propagation,exact_version_and_name,true,1,1,1,drop_retry_after_setting_after_first_retry,true,contracts/urllib3/all_releases_maximal_language_independent.rpl:1387,d30dc4525bd751f625d979d167cd9f354ffd56aa6a2ae5e9e333a013b4e7655c
http-noncommon-0034,urllib3,1.25.4:retry_after_can_be_explicitly_ignored,retry_after_can_be_explicitly_ignored,http.retry.retry-after-opt-out,exact_version_and_name,true,1,1,2,sleep_despite_retry_after_opt_out,true,contracts/urllib3/all_releases_maximal_language_independent.rpl:1397,8c6c49a39ad6d1300e71ca422de189c9c1a73e845f7630852a92139a014c4ae2
http-noncommon-0035,urllib3,1.26.0:skip_header_suppresses_automatic_headers,skip_header_suppresses_automatic_headers,http.headers.skip-automatic,exact_version_and_name,true,1,1,2,ignore_skip_header_sentinel,false,contracts/urllib3/all_releases_maximal_language_independent.rpl:1215,c03486a270c9cec0753c797376185c636799693ce82303ee25fbffadde686dbe
http-noncommon-0036,urllib3,1.11:incorrect_proxy_scheme_raises_value_error,incorrect_proxy_scheme_raises_value_error,http.url.scheme-validation,exact_version_and_name,true,1,1,1,raise_internal_assertion_for_invalid_scheme,true,contracts/urllib3/all_releases_maximal_language_independent.rpl:2040,af01134d2f4368518fc94fbec769e7d9b1d82c8e8434d1a36ab49258579dbf79
http-noncommon-0037,urllib3,1.11:pool_is_replenished_after_release_conn_false_error,pool_is_replenished_after_release_conn_false_error,http.connection.pool-replenishment,exact_version_and_name,true,2,2,1,do_not_replenish_pool_after_release_conn_false_error,false,contracts/urllib3/all_releases_maximal_language_independent.rpl:2050,5dac3aee245ec591140331b938a2a1367b418e8ae8c65a3a29f3279411bf4266
http-noncommon-0038,urllib3,1.11:connection_is_discarded_after_read_error,connection_is_discarded_after_read_error,http.connection.read-error-lifecycle,exact_version_and_name,true,1,2,3,return_read_error_connection_to_pool,false,contracts/urllib3/all_releases_maximal_language_independent.rpl:2073,40431eff4e5fba805c3b4a385f95c5077b342cf7b168973b79e91ce52cd5fee1
http-noncommon-0039,urllib3,2.0.6:cross_host_redirect_strips_cookie_header,cross_host_redirect_strips_cookie_header,http.redirect.header-stripping,exact_version_and_name,true,2,1,1,preserve_cookie_on_cross_host_redirect,true,contracts/urllib3/all_releases_maximal_language_independent.rpl:505,6af429a2519db2ee0f328d7b3e24915a99de0e078b8907f6ca4d0ca55c4a8a59
http-noncommon-0040,urllib3,2.2.2:cross_host_redirect_strips_proxy_authorization_header,cross_host_redirect_strips_proxy_authorization_header,http.redirect.header-stripping,exact_version_and_name,true,2,1,1,preserve_proxy_authorization_on_cross_host_redirect,true,contracts/urllib3/all_releases_maximal_language_independent.rpl:334,66eb4c2165327f878b0a2ef55ea560aa62263b6c60e6ff1002f5b7b65ec0daa5
http-noncommon-0041,urllib3,2.7.0:cross_host_redirect_strips_configured_sensitive_header,cross_host_redirect_strips_configured_sensitive_header,http.redirect.header-stripping,exact_version_and_name,true,2,1,1,preserve_configured_sensitive_header_on_cross_host_redirect,false,contracts/urllib3/all_releases_maximal_language_independent.rpl:18,451cc6d806f5e3d49eefede87e6a22b385fe99504ad4b6228e7c72178637c0b5
http-noncommon-0042,urllib3,1.25.11:retry_after_http_date_uses_utc,retry_after_http_date_uses_utc,http.retry.retry-after-date,exact_version_and_name,true,1,1,1,parse_retry_after_http_date_as_local_time,true,contracts/urllib3/all_releases_maximal_language_independent.rpl:1260,ae11e347ceb0663a0c74927348e384b51322f078ac6b6ef4b5ee0eee56afc70c
http-noncommon-0043,urllib3,1.25.11:empty_sslkeylogfile_does_not_configure_keylog,empty_sslkeylogfile_does_not_configure_keylog,tls.keylogfile,exact_version_and_name,true,1,1,1,set_empty_sslkeylogfile_on_context,false,contracts/urllib3/all_releases_maximal_language_independent.rpl:1270,c314ea11fee95bf8359c52a40efbfe2d91fcd9d5b48e3e83de538b18eb3d5e51
http-noncommon-0044,urllib3,1.17:response_length_remaining_tracks_unread_body,response_length_remaining_tracks_unread_body,http.response.content-length,exact_version_and_name,true,1,1,1,leave_length_remaining_untracked,false,contracts/urllib3/all_releases_maximal_language_independent.rpl:1854,7335c9c02327d3236a7867cbedd7ebce5e176ed473fbdc181551e9afc7d45bcf
http-noncommon-0045,urllib3,1.13:response_read_error_closes_original_response_and_connection,response_read_error_closes_original_response_and_connection,http.connection.resource-lifecycle,exact_version_and_name,true,2,1,2,do_not_close_connection_on_response_read_error,false,contracts/urllib3/all_releases_maximal_language_independent.rpl:1970,0810b29fe7b7b3c4c137e3225f35826844c9f0b64e3419ec6a4d048251832c61
http-noncommon-0046,urllib3,2.7.0:relative_path_resembling_schemeless_uri_is_accepted,relative_path_resembling_schemeless_uri_is_accepted,http.url.request-target,exact_version_and_name,true,1,1,1,parse_origin_form_path_as_schemeless_absolute_uri,false,contracts/urllib3/all_releases_maximal_language_independent.rpl:63,d382c1171d1aab30273e67ae7c3f08a44c7b69b02547496eb13f603cb4682f8c
http-noncommon-0047,urllib3,2.2.1:incomplete_read_error_reports_excess_content,incomplete_read_error_reports_excess_content,http.response.incomplete-read-error,exact_version_and_name,true,1,1,2,omit_excess_content_from_incomplete_read_error,false,contracts/urllib3/all_releases_maximal_language_independent.rpl:378,1d6a20f650689d32cbfbc61441faf3e7e81a648dd505b19f03530e3fa7bc4c29
http-noncommon-0048,urllib3,2.6.0:poolmanager_integer_retries_limits_redirects,poolmanager_integer_retries_limits_redirects,http.redirect.retry-budget,exact_version_and_name,true,1,1,1,ignore_integer_redirect_retry_budget,true,contracts/urllib3/all_releases_maximal_language_independent.rpl:185,b5d3561fdb01c8cf859d9782333a2225bcdbb7c770f8eef1562eea68e8274c9b
http-noncommon-0049,urllib3,1.26.3:bytes_and_string_header_keys_compare_equal,bytes_and_string_header_keys_compare_equal,http.headers.key-equivalence,exact_version_and_name,true,1,1,1,treat_bytes_and_string_header_keys_as_distinct,true,contracts/urllib3/all_releases_maximal_language_independent.rpl:1153,dafdaffd3cd4d65f00130c90c84050f7f5022b10c7b7066505a4386215713d2e
http-noncommon-0050,urllib3,1.26.3:proxy_url_without_scheme_raises_actionable_error,proxy_url_without_scheme_raises_actionable_error,http.proxy.url-validation,exact_version_and_name,true,1,1,2,accept_or_emit_opaque_error_for_proxy_without_scheme,true,contracts/urllib3/all_releases_maximal_language_independent.rpl:1163,8d416e8725b4b1541db9f7760ca04f4eeb9a30c7dd734eb0c397cf5fa4d3cecb
http-noncommon-0051,urllib3,1.6:cert_reqs_accepts_string_policy_values,cert_reqs_accepts_string_policy_values,tls.verification-policy,exact_version_and_name,true,1,1,1,reject_string_cert_reqs_value,false,contracts/urllib3/all_releases_maximal_language_independent.rpl:2445,0d27bda80dd7df94ce57c76fd4c9a767ca465a413922bcb281308e9e8c100bde
http-noncommon-0052,urllib3,2.0.0:pool_block_true_full_pool_raises_full_pool_error,pool_block_true_full_pool_raises_full_pool_error,http.connection.pool-full,exact_version_and_name,true,1,1,1,silently_discard_connection_from_blocking_full_pool,false,contracts/urllib3/all_releases_maximal_language_independent.rpl:638,81619f425ebf9a1d92b866b37a8f42f3ec2132b9e04ceecd1b810fb05847246d
http-noncommon-0053,urllib3,2.0.0:connection_state_properties_track_lifecycle,connection_state_properties_track_lifecycle,http.connection.state,exact_version_and_name,true,2,1,3,leave_connection_state_properties_stale,false,contracts/urllib3/all_releases_maximal_language_independent.rpl:709,e68d0ef4340a6795921cafeb4a87d0bb9ff9eeb5db96572ccaf1c40f319a5932
http-noncommon-0054,urllib3,1.19:multipart_file_empty_filename_is_emitted,multipart_file_empty_filename_is_emitted,http.multipart.filename,exact_version_and_name,true,1,1,1,suppress_empty_multipart_filename,true,contracts/urllib3/all_releases_maximal_language_independent.rpl:1803,f463b116b0c03498a1815710c813ef4b9d6d2ba903bb400042c61ccf5681b8d9
http-noncommon-0055,urllib3,1.9:generic_raised_errors_extend_http_exception,generic_raised_errors_extend_http_exception,http.error.taxonomy,exact_version_and_name,true,1,1,1,raise_non_http_exception_subclass,true,contracts/urllib3/all_releases_maximal_language_independent.rpl:2244,a171062713fb2bc19c2e15eada200227364787ebce2cb0ecea85271090701925
http-noncommon-0056,urllib3,2.0.0:response_read_decode_mode_cannot_change_after_decoding,response_read_decode_mode_cannot_change_after_decoding,http.response.decode-mode-consistency,exact_version_and_name,true,1,2,1,allow_decode_mode_change_after_read,false,contracts/urllib3/all_releases_maximal_language_independent.rpl:836,9bf269be9a2cf462aaa26bf39e0057d21e0fad54209ebc199ede71a6f2b57e7c
http-noncommon-0057,urllib3,2.0.0:pyopenssl_syscall_error_preserves_errno,pyopenssl_syscall_error_preserves_errno,tls.error-taxonomy,exact_version_and_name,true,1,1,2,drop_errno_from_pyopenssl_syscall_error,false,contracts/urllib3/all_releases_maximal_language_independent.rpl:873,e16c01df0832c61c37c0a193c17545b592300acdaddb667b0051ef9e715307f4
http-noncommon-0058,urllib3,2.0.1:fingerprint_or_hostname_failure_does_not_leak_socket,fingerprint_or_hostname_failure_does_not_leak_socket,http.connection.resource-lifecycle,exact_version_and_name,true,1,1,2,leak_socket_on_certificate_failure,false,contracts/urllib3/all_releases_maximal_language_independent.rpl:584,4bb3361f02ae6eb64fe05a18d037b17ff40790404c163c86c6b97720416f3859
http-noncommon-0059,urllib3,1.21:status_forcelist_retry_increments_retry_counter,status_forcelist_retry_increments_retry_counter,http.retry.status-forcelist-budget,exact_version_and_name,true,1,1,2,do_not_count_status_forcelist_retries,true,contracts/urllib3/all_releases_maximal_language_independent.rpl:1720,d47b3d36df0c049c510955d04b63497220c590a6fec76e0c34705849dc973c00
http-noncommon-0060,urllib3,1.9:url_empty_host_is_rejected,url_empty_host_is_rejected,http.url.host,exact_version_and_name,true,1,1,1,allow_empty_host,true,contracts/urllib3/all_releases_maximal_language_independent.rpl:2264,bc5c75bec58944c323228664b11494c743db3531e7fe9e04eed05b4413b387c5
http-noncommon-0061,urllib3,2.0.0:socket_options_are_applied_before_connect,socket_options_are_applied_before_connect,http.connection.socket-options,exact_version_and_name,true,1,1,1,ignore_socket_options,false,contracts/urllib3/all_releases_maximal_language_independent.rpl:884,af0627d6bed9aab585aaace1acaba2374aa4ec13c531af1c8368b468102a248e
http-noncommon-0062,urllib3,2.0.0:failed_connect_does_not_leak_socket,failed_connect_does_not_leak_socket,http.connection.resource-lifecycle,exact_version_and_name,true,2,2,2,leak_socket_on_failed_expect_continue,false,contracts/urllib3/all_releases_maximal_language_independent.rpl:905,3b6dedf4cf18625a816ff24455ac0c62b8706d40136cf3a8241f106e0fca99da
http-noncommon-0063,urllib3,1.13:ca_certificate_directory_is_accepted,ca_certificate_directory_is_accepted,tls.ca-directory,exact_version_and_name,true,1,1,1,ignore_ca_cert_dir,false,contracts/urllib3/all_releases_maximal_language_independent.rpl:1992,b9484b806cd6c6217b71e3f12cba0971f5abfd147043644b5f07d57b4dab3f05
http-noncommon-0064,urllib3,1.19:retry_after_header_is_respected_for_retry_statuses,retry_after_header_is_respected_for_retry_statuses,http.retry.retry-after,exact_version_and_name,true,1,1,1,ignore_retry_after_header,true,contracts/urllib3/all_releases_maximal_language_independent.rpl:1783,e6ef0cde3d7be82f94af75fc632b6423ef5d4ecd7f67f4ef67aa724fc7ce5d39
http-noncommon-0065,urllib3,1.25:url_parser_is_rfc3986_compliant,url_parser_is_rfc3986_compliant,http.url.rfc3986,exact_version_and_name,true,1,1,7,parse_url_not_rfc3986_compliant,false,contracts/urllib3/all_releases_maximal_language_independent.rpl:1493,b313e14577271a5808ac9895428cee43aa2a59e7d3691290c5459e5f431bfd90
http-noncommon-0066,urllib3,1.25:encrypted_client_key_without_password_raises_ssl_error,encrypted_client_key_without_password_raises_ssl_error,tls.client-certificate,exact_version_and_name,true,2,1,1,silently_use_encrypted_key_without_password,true,contracts/urllib3/all_releases_maximal_language_independent.rpl:1531,9721e9e98ed90aef2c1689db98a9d6707e48e66a043b0daacf7de1ecb9afc2a8
http-noncommon-0067,urllib3,1.25.4:response_auto_close_false_keeps_underlying_stream_open,response_auto_close_false_keeps_underlying_stream_open,http.response.close-policy,exact_version_and_name,true,1,1,1,close_underlying_stream_despite_auto_close_false,false,contracts/urllib3/all_releases_maximal_language_independent.rpl:1418,3601569b58bd57a733c610c950743aded10168e60ccc31b81c56f8cbe95007ff
http-noncommon-0068,urllib3,1.25.2:ipvfuture_address_is_not_treated_as_ip_address,ipvfuture_address_is_not_treated_as_ip_address,http.url.ip-address-classification,exact_version_and_name,true,1,1,1,classify_ipvfuture_as_ip_address,false,contracts/urllib3/all_releases_maximal_language_independent.rpl:1455,ce6511211c85a082357a27f9770b23bbff5a669d2aea861fe5ccd3afcab0cb86
http-noncommon-0069,urllib3,1.25.9:method_rejects_control_characters,method_rejects_control_characters,http.request.method-validation,exact_version_and_name,true,1,1,1,allow_control_characters_in_method,true,contracts/urllib3/all_releases_maximal_language_independent.rpl:1320,e794469502dbc7c838c6204d7c01b80b41f4c9df022a0c119748f25cff8add71
http-noncommon-0070,urllib3,1.21:pool_key_uses_entire_request_context,pool_key_uses_entire_request_context,http.connection.pool-key,exact_version_and_name,true,1,2,1,pool_key_ignores_request_context,false,contracts/urllib3/all_releases_maximal_language_independent.rpl:1709,828ce2f75d86dd579a80382a7986672c48ed0e24e8013f5f0fa1686e83dabeb2
http-noncommon-0071,urllib3,1.26.9:http_url_does_not_forward_server_hostname_to_pool,http_url_does_not_forward_server_hostname_to_pool,http.pool.request-context,exact_version_and_name,true,1,1,1,forward_server_hostname_to_http_pool,false,contracts/urllib3/all_releases_maximal_language_independent.rpl:1092,fce7297ba9fbeec3fefb4f265faf14be4da239d0a1f740731cc3a86274bafcdc
http-noncommon-0072,urllib3,2.5.0:response_shutdown_after_pool_release_raises,response_shutdown_after_pool_release_raises,http.response.shutdown-lifecycle,exact_version_and_name,true,1,1,1,silently_shutdown_released_response,false,contracts/urllib3/all_releases_maximal_language_independent.rpl:219,3e2bd7ac4f7f0ae01b44abe2244e8c163180d0a6819739d85257764dfec64446
http-noncommon-0073,urllib3,2.0.0:tunnel_scheme_controls_origin_tunnel_metadata,tunnel_scheme_controls_origin_tunnel_metadata,http.proxy.tunnel-metadata,exact_version_and_name,true,1,1,1,ignore_set_tunnel_scheme,false,contracts/urllib3/all_releases_maximal_language_independent.rpl:699,c8e604352a03d39cc6950baf8b799d9842383d2ce3d61aefcee592e45bcea13f
http-noncommon-0074,urllib3,2.5.0:proxy_connect_ipv6_target_uses_brackets,proxy_connect_ipv6_target_uses_brackets,http.proxy.connect-target,exact_version_and_name,true,1,1,1,omit_brackets_in_ipv6_connect_target,true,contracts/urllib3/all_releases_maximal_language_independent.rpl:229,67cc8630ddd3f7fbdbbcc5d66e79887e4eedbeb3a359dbc987afe5e2cca22e14
http-noncommon-0075,urllib3,2.3.0:proxy_connection_exposes_tunneling_state,proxy_connection_exposes_tunneling_state,http.proxy.tunnel-state,exact_version_and_name,true,1,1,1,proxy_tunneling_state_unobservable_or_false,false,contracts/urllib3/all_releases_maximal_language_independent.rpl:257,3dc40b5d0c77e28a3bf235f83e9378b0b57e9f5f02b9f9243d7518f0f81bce40
http-noncommon-0076,urllib3,2.2.0:proxy_connection_verification_state_is_boolean,proxy_connection_verification_state_is_boolean,http.proxy.verification-state,exact_version_and_name,true,1,1,1,leave_proxy_is_verified_as_null,false,contracts/urllib3/all_releases_maximal_language_independent.rpl:424,ed040ad233acf55f300c874d0951b03c53046d6e0ca83b72b1b5493caed01180
http-noncommon-0077,urllib3,2.2.0:https_proxy_to_http_target_is_not_marked_verified,https_proxy_to_http_target_is_not_marked_verified,http.proxy.verification-state,exact_version_and_name,true,2,1,1,mark_http_target_via_https_proxy_as_verified,false,contracts/urllib3/all_releases_maximal_language_independent.rpl:444,4e72e988571982ef67ca93d78d02b64b6714fabf94066b8730650ca7cd4d79b7
http-noncommon-0078,urllib3,2.0.0:proxy_errors_wrap_connection_failures,proxy_errors_wrap_connection_failures,http.proxy.error-taxonomy,exact_version_and_name,true,1,1,2,surface_proxy_connection_failure_directly,false,contracts/urllib3/all_releases_maximal_language_independent.rpl:754,156b0312013df034dd93ce98368c122f9347d447a5326b01c25b858834e0619c
http-noncommon-0079,urllib3,2.2.0:https_proxy_misconfiguration_reports_http_proxy_hint,https_proxy_misconfiguration_reports_http_proxy_hint,http.proxy.misconfiguration,exact_version_and_name,true,1,1,1,emit_wrong_http_proxy_hint_for_http_proxy,false,contracts/urllib3/all_releases_maximal_language_independent.rpl:455,2011160eecdee05de85609c6b22626f1dc1f7423c8f32f7472a08cce082ed9bb
http-noncommon-0080,urllib3,1.26.0:tls_alpn_http11_identifier_is_sent,tls_alpn_http11_identifier_is_sent,tls.alpn,exact_version_and_name,true,1,1,1,omit_http11_alpn_identifier,true,contracts/urllib3/all_releases_maximal_language_independent.rpl:1226,4c98075bda109f1e6a216c0d1083149d4e4abb6f0792fe40b82f6f77a7294ca5
http-noncommon-0081,urllib3,1.26.0:body_is_not_written_after_server_closes_socket,body_is_not_written_after_server_closes_socket,http.request.broken-pipe,exact_version_and_name,true,1,1,2,surface_broken_pipe_error,false,contracts/urllib3/all_releases_maximal_language_independent.rpl:1236,6601b5e9f3a89abcac23993e0601048acb4b15d263b3f9d51cb1d79c4984675c
http-noncommon-0082,urllib3,1.26.0:socket_ssl_error_is_wrapped_as_ssl_error,socket_ssl_error_is_wrapped_as_ssl_error,tls.error-taxonomy,exact_version_and_name,true,1,1,1,surface_raw_socket_ssl_error,false,contracts/urllib3/all_releases_maximal_language_independent.rpl:1247,d23119e7a72214b9249596d0f9b47d5f370df9d7f66045d28666141222286f2f
http-noncommon-0083,urllib3,2.2.3:http2_major_version_four_is_required,http2_major_version_four_is_required,http2.dependency-contract,exact_version_and_name,true,1,1,1,accept_unsupported_h2_major_version,false,contracts/urllib3/all_releases_maximal_language_independent.rpl:301,6b847e52b4b4b1a2bf64544affdc0c49a5190ba0ee51831b5f80e35fa10b01a8
http-noncommon-0084,urllib3,2.2.3:http2_request_does_not_send_transfer_encoding_chunked,http2_request_does_not_send_transfer_encoding_chunked,http2.request-framing,exact_version_and_name,true,1,1,1,send_transfer_encoding_chunked_over_http2,false,contracts/urllib3/all_releases_maximal_language_independent.rpl:291,69d76144ad4aab50b8e9f6b8cd5d4a244aa8dbe7f32026d822e95ad640a4a23c
http-noncommon-0085,urllib3,2.2.3:http2_request_body_is_sent,http2_request_body_is_sent,http2.request-body,exact_version_and_name,true,1,1,1,drop_http2_request_body,false,contracts/urllib3/all_releases_maximal_language_independent.rpl:321,6e45522f79bd10bee15bcf3179402a2bd891b3e92de3ffc4813c22a25520a1c2
http-noncommon-0086,urllib3,2.2.3:http2_origin_support_is_probed_with_alpn,http2_origin_support_is_probed_with_alpn,http2.alpn-probing,exact_version_and_name,true,1,1,1,skip_http2_alpn_probe,false,contracts/urllib3/all_releases_maximal_language_independent.rpl:311,f42830a5726e1865b6d181238042891f4e260a6eb9ba872fc31987e9c6061938
http-noncommon-0087,urllib3,1.25.10:brotli_decoder_handles_objects_without_decompress_attr,brotli_decoder_handles_objects_without_decompress_attr,http.response.brotli-decoding,exact_version_and_name,true,1,1,1,require_brotli_decompress_attribute,false,contracts/urllib3/all_releases_maximal_language_independent.rpl:1294,f0d65c2bc91fbd914359d6defc00ca56b7414953f2264fceb5b36c3462d6564a
http-noncommon-0088,urllib3,1.23:socks_proxy_auth_info_in_url_is_supported,socks_proxy_auth_info_in_url_is_supported,http.proxy.socks-auth,exact_version_and_name,true,2,1,1,drop_socks_proxy_credentials,false,contracts/urllib3/all_releases_maximal_language_independent.rpl:1653,e639c3a814a7193f174a426df042066fa28bc8375b84d7d9e07360dcc3989dff
http-noncommon-0089,urllib3,1.20:socks_remote_dns_schemes_are_supported,socks_remote_dns_schemes_are_supported,http.proxy.socks-remote-dns,exact_version_and_name,true,2,1,1,resolve_socks5h_locally,false,contracts/urllib3/all_releases_maximal_language_independent.rpl:1765,ad8d3023432b028ff0c101d9bfc32de58fea77625992b95ee4c54a0ab100688d
http-noncommon-0090,urllib3,1.14:socks_proxy_basic_request_succeeds,socks_proxy_basic_request_succeeds,http.proxy.socks,exact_version_and_name,true,2,1,1,disable_socks_proxy_path,false,contracts/urllib3/all_releases_maximal_language_independent.rpl:1952,cce8f3c8f4d9615f8682bae708f439d854b7baee2cd74c1c914501696bfcddf7
http-noncommon-0091,urllib3,2.3.0:http_debug_log_formats_version_as_http11,http_debug_log_formats_version_as_http11,http.observability.debug-log,exact_version_and_name,true,1,1,2,render_http11_log_as_http11_without_dot,false,contracts/urllib3/all_releases_maximal_language_independent.rpl:267,430a9f1ef19ee3f2fa079d3146b8b22266398ffd3c48b5d3ce849362ca989070
http-noncommon-0092,urllib3,2.2.0:tls13_post_handshake_auth_works_when_validation_disabled,tls13_post_handshake_auth_works_when_validation_disabled,tls.post-handshake-auth,exact_version_and_name,true,1,1,1,break_tls13_post_handshake_auth_without_cert_validation,false,contracts/urllib3/all_releases_maximal_language_independent.rpl:465,d27dc1f8f98009ac2dd95598fbfc3e43687b668302c370876728533471951fcb
http-noncommon-0093,urllib3,2.0.0:system_cipher_suites_are_not_overridden_by_default,system_cipher_suites_are_not_overridden_by_default,tls.cipher-defaults,exact_version_and_name,true,1,1,1,override_system_cipher_suites_with_library_default,false,contracts/urllib3/all_releases_maximal_language_independent.rpl:765,c5b7011e871d1f5f3b7134fe506a34458eae8b82c4b056ed934c8d40fc8cc675
http-noncommon-0094,urllib3,1.24:multiple_content_encodings_are_decoded_in_order,multiple_content_encodings_are_decoded_in_order,http.response.content-decoding,exact_version_and_name,true,1,1,1,decode_only_first_content_encoding,true,contracts/urllib3/all_releases_maximal_language_independent.rpl:1607,8532826b77fb165a377775cea266d877c5ff4fed602379f6bce5ddaa4a850905
http-noncommon-0095,urllib3,1.25.3:https_loads_system_certs_when_no_ca_options_are_set,https_loads_system_certs_when_no_ca_options_are_set,tls.ca-loading,exact_version_and_name,true,1,1,1,do_not_load_system_ca_certs_by_default,false,contracts/urllib3/all_releases_maximal_language_independent.rpl:1442,72ffb0763d36de6db565ad1288bba68c2ce371ff549ccce243219317289ea03d
http-noncommon-0096,urllib3,1.1:decode_content_option_controls_response_decoding,decode_content_option_controls_response_decoding,http.response.decode-content-option,exact_version_and_name,true,1,1,1,ignore_decode_content_false,false,contracts/urllib3/all_releases_maximal_language_independent.rpl:2650,8dc87c009eef880816513ec574ebd7194c5a4ebf08ec78c9f5a32c41d77b5720
http-noncommon-0097,urllib3,1.24:tls_sni_hostname_can_be_overridden,tls_sni_hostname_can_be_overridden,tls.sni,exact_version_and_name,true,1,1,1,ignore_overridden_sni_hostname,true,contracts/urllib3/all_releases_maximal_language_independent.rpl:1617,a77e81e4cc6fcab56e1e51f509d55616286954e7dcdcec29906c81ac5c4997b9
http-noncommon-0098,urllib3,1.16:ipv6_dns_is_disabled_when_ipv6_connections_are_unavailable,ipv6_dns_is_disabled_when_ipv6_connections_are_unavailable,http.dns.ipv6,exact_version_and_name,true,1,1,1,query_ipv6_dns_when_ipv6_connect_unavailable,false,contracts/urllib3/all_releases_maximal_language_independent.rpl:1877,b09b60e7ff0b126dbcbbda15ed1d51fd35c0c122b4467377f6d4db74bf481826
http-noncommon-0099,okhttp,okhttp:5.5.0:tls_hostname_verifier_rejects_noncanonical_ip_hosts,tls_hostname_verifier_rejects_noncanonical_ip_hosts,tls.hostname-verification-canonical-ip,exact_version_and_name,true,1,1,2,accept_noncanonical_ip_host_for_certificate_matching,false,contracts/okhttp/okhttp_origin_latest_survivors.json:1,46a5b3dc9bdc1b0dda5bf260f5c3903256bc41bfd76fd260265a4fc23e1d9386
http-noncommon-0100,okhttp,okhttp:5.5.0:multipart_part_sink_close_does_not_close_request_body,multipart_part_sink_close_does_not_close_request_body,http.multipart.body-lifecycle,exact_version_and_name,true,1,1,1,closing_part_sink_closes_entire_body,false,contracts/okhttp/okhttp_origin_latest_survivors.json:2,e2918e8a40752b5dd74d21cd8ad143b8175701eb6c689fdadc14b2a4ca2f2955
http-noncommon-0101,okhttp,okhttp:5.5.0:http1_request_body_is_flushed_before_timeout_detach,http1_request_body_is_flushed_before_timeout_detach,http.timeout.request-body-lifecycle,exact_version_and_name,true,1,1,2,detach_timeout_before_body_flush,false,contracts/okhttp/okhttp_origin_latest_survivors.json:3,d432a7ed32a30201c0f35184f837f35877e649806af1ae00b4c78c00392db118
http-noncommon-0102,okhttp,okhttp:5.5.0:query_method_redirects_follow_rfc10008,query_method_redirects_follow_rfc10008,http.redirect.query-method,exact_version_and_name,true,1,1,2,preserve_query_body_on_303_redirect,true,contracts/okhttp/okhttp_origin_latest_survivors.json:4,13cb4d67e93b2301359f586de9488c29dc7c3cb44dee603df0e823481642f375
http-noncommon-0103,okhttp,okhttp:5.5.0:proxy_selector_failure_falls_back_to_direct,proxy_selector_failure_falls_back_to_direct,http.proxy.selector-fallback,exact_version_and_name,true,2,1,1,propagate_proxy_selector_exception,false,contracts/okhttp/okhttp_origin_latest_survivors.json:5,0f0544d85c1e82a108c4679a41c732decc12dabc08ebbae081deaaac6af8bae5
http-noncommon-0104,okhttp,okhttp:5.4.0:interceptor_timeout_overrides_are_honored,interceptor_timeout_overrides_are_honored,http.interceptor.timeout-policy,exact_version_and_name,true,2,1,2,ignore_interceptor_timeout_override,false,contracts/okhttp/okhttp_origin_latest_survivors.json:6,9e57807cd1e8d314a464e758ab8c67f6879477d768e90fd2244080cb2870bd9b
http-noncommon-0105,okhttp,okhttp:5.4.0:http2_response_headers_are_limited,http2_response_headers_are_limited,http2.response.header-list-size,exact_version_and_name,true,1,1,1,accept_unbounded_http2_response_headers,false,contracts/okhttp/okhttp_origin_latest_survivors.json:7,363f84e34b8008a5803259e17833470710d796fe5050680970f7a57d3a733fc7
http-noncommon-0106,okhttp,okhttp:5.3.2:timeouts_fire_without_scheduler_delay,timeouts_fire_without_scheduler_delay,http.timeout.scheduler,exact_version_and_name,true,1,1,2,delay_timeout_until_scheduler_wakeup,false,contracts/okhttp/okhttp_origin_latest_survivors.json:8,c768bdff9ba309841da2f152d9e6a0acef328477b9b1577b5f034e33a4daf1b0
http-noncommon-0107,okhttp,okhttp:5.3.0:call_tags_are_visible_across_listeners_and_interceptors,call_tags_are_visible_across_listeners_and_interceptors,http.lifecycle.call-tags,exact_version_and_name,true,2,1,2,do_not_share_call_tags_across_observers,false,contracts/okhttp/okhttp_origin_latest_survivors.json:9,846fdaedd01f257e686afbcf2b77ee78bb4e96e333d90d8510dbea4240feed1d
http-noncommon-0108,okhttp,okhttp:5.3.0:http101_response_exposes_upgraded_socket,http101_response_exposes_upgraded_socket,http.upgrade.socket,exact_version_and_name,true,1,1,2,discard_socket_on_101_response,false,contracts/okhttp/okhttp_origin_latest_survivors.json:10,e5b528a5c9d9026a7fe8d575497adc7a97781960b6196481a3a37b9237479416
http-noncommon-0109,okhttp,okhttp:5.2.0:zstd_compression_is_negotiated_and_decoded,zstd_compression_is_negotiated_and_decoded,http.response.zstd-decoding,exact_version_and_name,true,1,1,2,do_not_negotiate_zstd,true,contracts/okhttp/okhttp_origin_latest_survivors.json:14,518b10faec6af65fd99e739ee912a8bc1f9ed06cb2fe52e246a1dedfa523706c
http-noncommon-0110,okhttp,okhttp:5.2.0:dispatcher_queue_events_are_emitted,dispatcher_queue_events_are_emitted,http.lifecycle.dispatcher-queue-events,exact_version_and_name,true,2,1,1,omit_dispatcher_queue_events,false,contracts/okhttp/okhttp_origin_latest_survivors.json:16,4795a153607c4f8be343b764c821cbf8ac48eaf26f4e797160ae7ba601e51969
http-noncommon-0111,okhttp,okhttp:5.2.0:request_to_curl_includes_request_shape,request_to_curl_includes_request_shape,http.request.curl-rendering,exact_version_and_name,true,1,1,3,omit_headers_or_body_from_curl,false,contracts/okhttp/okhttp_origin_latest_survivors.json:17,0f9b9074522e523a0035564deda7f62e58662d528dd69e3d1fdd7e03ca367e2e
http-noncommon-0112,okhttp,okhttp:5.2.0:worker_thread_interruption_does_not_break_call_recovery,worker_thread_interruption_does_not_break_call_recovery,http.connection.worker-interruption,exact_version_and_name,true,2,1,2,crash_or_hang_on_worker_interruption,false,contracts/okhttp/okhttp_origin_latest_survivors.json:18,977053f1b58b9a841437722c45449f86ed5886aabb4bf9189364af3fd70f835f
http-noncommon-0113,okhttp,okhttp:5.1.0:response_trailers_can_be_peeked_without_blocking,response_trailers_can_be_peeked_without_blocking,http.response.trailers-peek,exact_version_and_name,true,1,1,2,peek_trailers_blocks_or_consumes_body,false,contracts/okhttp/okhttp_origin_latest_survivors.json:19,02c919b8e6800bd84ab05688097bedc0c4a0a4f4bc08d9e1be853a4073d27cfd
http-noncommon-0114,okhttp,okhttp:5.1.0:response_trailers_no_body_does_not_crash,response_trailers_no_body_does_not_crash,http.response.trailers-empty-body,exact_version_and_name,true,1,1,2,trailers_require_body,false,contracts/okhttp/okhttp_origin_latest_survivors.json:20,e55a11ebc6ca5883cd47a709a41af3a045baedf1ddf9dc8e2527a7cf271b2324
http-noncommon-0115,okhttp,okhttp:5.0.0-alpha.15:response_is_read_when_request_write_fails,response_is_read_when_request_write_fails,http.request.write-failure-response,exact_version_and_name,true,1,1,2,surface_transport_error_instead_of_early_response,false,contracts/okhttp/okhttp_origin_latest_survivors.json:21,bd839592beb3c02a0485c0e5f85ca00a097e77e52acdfaba324dc886da2c9e74
http-noncommon-0116,okhttp,okhttp:5.0.0-alpha.15:multiple_informational_responses_are_ignored_until_final,multiple_informational_responses_are_ignored_until_final,http.response.informational,exact_version_and_name,true,1,1,2,treat_1xx_as_final_response,true,contracts/okhttp/okhttp_origin_latest_survivors.json:22,93e390c800548d6e03e953392c216e5ccc320c1507a8a30800b3aed6f90edd1d
http-noncommon-0117,okhttp,okhttp:5.0.0-alpha.15:proxy_selector_connect_failed_is_notified,proxy_selector_connect_failed_is_notified,http.proxy.connect-failed-callback,exact_version_and_name,true,2,1,1,omit_proxy_connect_failed_callback,false,contracts/okhttp/okhttp_origin_latest_survivors.json:23,05ca002ef1464823ddf971e2d977e7b75ffc5fbe57dacddfaf9c6937ec5d37b0
http-noncommon-0118,okhttp,okhttp:5.0.0-alpha.15:retry_decision_event_is_emitted,retry_decision_event_is_emitted,http.lifecycle.retry-events,exact_version_and_name,true,2,1,1,omit_retry_decision_event,false,contracts/okhttp/okhttp_origin_latest_survivors.json:24,77c54f8c7a0df5b8fa7b910d718ce6449beb80b3b0062ec3c5a7f725e30c2a4a
http-noncommon-0119,okhttp,okhttp:5.0.0-alpha.15:followup_decision_event_is_emitted,followup_decision_event_is_emitted,http.lifecycle.followup-events,exact_version_and_name,true,2,1,1,omit_followup_decision_event,false,contracts/okhttp/okhttp_origin_latest_survivors.json:25,301f16fc9df4f3ab5352d7a7d277d4f40a6d7242c454547afe9c5d39133e20ee
http-noncommon-0120,okhttp,okhttp:5.0.0-alpha.13:cache_url_override_controls_cache_key,cache_url_override_controls_cache_key,http.cache.key-override,exact_version_and_name,true,2,1,1,ignore_cache_url_override,false,contracts/okhttp/okhttp_origin_latest_survivors.json:26,fdcd1dc204dc286d47b2ef11d4173d26307133c00795705bcce7b71b4a96cb46
http-noncommon-0121,okhttp,okhttp:5.0.0-alpha.13:logging_redacts_configured_query_parameters,logging_redacts_configured_query_parameters,http.logging.query-redaction,exact_version_and_name,true,1,1,2,log_redacted_query_parameter_value,false,contracts/okhttp/okhttp_origin_latest_survivors.json:27,58d44f700d0872267ea91587a6f07a53e25e7dafd85acf9f609394031d9fac19
http-noncommon-0122,okhttp,okhttp:5.0.0-alpha.13:connection_pool_policy_maintains_minimum_idle_connections,connection_pool_policy_maintains_minimum_idle_connections,http.connection.pool-minimum,exact_version_and_name,true,2,1,1,do_not_open_policy_connections,false,contracts/okhttp/okhttp_origin_latest_survivors.json:28,be079f550aad30827a02d3a3d648f798da223e38749c8fbdd3d3e2f886d5a861
http-noncommon-0123,okhttp,okhttp:5.0.0-alpha.13:websocket_close_timeout_forces_abrupt_shutdown,websocket_close_timeout_forces_abrupt_shutdown,websocket.close-timeout,exact_version_and_name,true,2,1,1,wait_forever_for_websocket_close_reply,false,contracts/okhttp/okhttp_origin_latest_survivors.json:29,a44d8b97aac5eaa99b35108f0f5459e8c268c5df2bde8e3ee13af8d20dba0603
http-noncommon-0124,okhttp,okhttp:5.0.0-alpha.12:client_cipher_suite_precedence_is_honored,client_cipher_suite_precedence_is_honored,tls.cipher-precedence,exact_version_and_name,true,2,1,1,prefer_server_cipher_order,false,contracts/okhttp/okhttp_origin_latest_survivors.json:32,9b3d44ecc3cd0ac80b21f79070b62a5eb466e500c100e5a2f81c7a40b35c8631
http-noncommon-0125,okhttp,okhttp:5.0.0-alpha.12:connection_listener_reports_connect_disconnect_and_pooling,connection_listener_reports_connect_disconnect_and_pooling,http.lifecycle.connection-events,exact_version_and_name,true,1,1,2,omit_connection_listener_events,false,contracts/okhttp/okhttp_origin_latest_survivors.json:33,e5d33ba24887f2ac85cc93d2063f42d4bd24c6b3bdd9f16ce116cf70aad757a3
http-noncommon-0126,okhttp,okhttp:5.0.0-alpha.12:http2_flow_control_window_updates_before_application_read,http2_flow_control_window_updates_before_application_read,http2.flow-control,exact_version_and_name,true,2,1,1,defer_window_update_until_application_read,false,contracts/okhttp/okhttp_origin_latest_survivors.json:34,17123548a72f8e04094ec0553dd2079cf3246183d888f69ec056a1610641f58d
http-noncommon-0127,okhttp,okhttp:5.0.0-alpha.12:websocket_deflater_is_not_closed_mid_message,websocket_deflater_is_not_closed_mid_message,websocket.compression-lifecycle,exact_version_and_name,true,1,1,2,close_deflater_before_message_complete,false,contracts/okhttp/okhttp_origin_latest_survivors.json:35,92840939c13472fb1d0b10478902543641c9ab3558615efc6cee3cf511207f45
http-noncommon-0128,okhttp,okhttp:5.0.0-alpha.12:websocket_failed_upgrade_does_not_crash,websocket_failed_upgrade_does_not_crash,websocket.upgrade-failure,exact_version_and_name,true,1,1,2,crash_on_failed_websocket_upgrade,false,contracts/okhttp/okhttp_origin_latest_survivors.json:36,7daa3d08c1799415fd9992208fb5378e5107e7014092f2ebb2bb0d24cafb9050
http-noncommon-0129,okhttp,okhttp:5.0.0-alpha.12:websocket_self_terminating_compressed_message_does_not_loop,websocket_self_terminating_compressed_message_does_not_loop,websocket.compression-termination,exact_version_and_name,true,1,1,2,loop_on_self_terminating_deflate_message,false,contracts/okhttp/okhttp_origin_latest_survivors.json:37,dc1c1bf80b35e25dc04b24d65fff67bffa4f8d870e53803e8cc4e75e19abe6ba
http-noncommon-0130,okhttp,okhttp:5.0.0-alpha.12:corrupted_cache_entry_is_recovered_or_fails_fast,corrupted_cache_entry_is_recovered_or_fails_fast,http.cache.corruption-handling,exact_version_and_name,true,2,1,2,crash_on_corrupted_cache_entry,false,contracts/okhttp/okhttp_origin_latest_survivors.json:40,22d0a7b1187513bbe327577962c920e0b09653a0ae4da1584bd0c40d6fcef1af
http-noncommon-0131,okhttp,okhttp:5.0.0-alpha.12:cache_write_failure_does_not_leak_or_crash,cache_write_failure_does_not_leak_or_crash,http.cache.write-failure,exact_version_and_name,true,2,1,3,leak_cache_file_on_write_failure,false,contracts/okhttp/okhttp_origin_latest_survivors.json:41,0747a1216572b3c9c6ec8c5674b42944f014e74d12df347a2082b17a65394b04
http-noncommon-0132,okhttp,okhttp:5.0.0-alpha.12:public_suffix_load_failure_fails_fast_forever,public_suffix_load_failure_fails_fast_forever,http.url.public-suffix-failure,exact_version_and_name,true,1,1,3,hang_after_public_suffix_load_failure,false,contracts/okhttp/okhttp_origin_latest_survivors.json:42,1915978e8213790700d64b401543964369e22d07893ade3848dbdb741755a8f4
http-noncommon-0133,okhttp,okhttp:5.0.0-alpha.12:cookie_samesite_attribute_is_parsed,cookie_samesite_attribute_is_parsed,http.cookie.samesite,exact_version_and_name,true,1,1,1,drop_samesite_attribute,false,contracts/okhttp/okhttp_origin_latest_survivors.json:43,149afc728dc43249f15bed96ea7174bf07de394c2647436b782670bb0fd1226c
http-noncommon-0134,okhttp,okhttp:5.0.0-alpha.12:logging_reports_total_call_time,logging_reports_total_call_time,http.logging.call-duration,exact_version_and_name,true,1,1,1,omit_total_call_duration_from_logs,false,contracts/okhttp/okhttp_origin_latest_survivors.json:44,a9cfcb253621df1790d59d07ffc41d2ac8539e14b2cde4434e534c9162b8d5dd
http-noncommon-0135,okhttp,okhttp:5.0.0-alpha.12:recorded_request_reports_tls_sni,recorded_request_reports_tls_sni,tls.sni.recorded-request,exact_version_and_name,true,1,1,1,drop_sni_from_recorded_request,false,contracts/okhttp/okhttp_origin_latest_survivors.json:45,2790459e2d3788b1ad0017bd3ee519a4bc2a180d49168da94e0a22b01e1c24d0
http-noncommon-0136,okhttp,okhttp:5.0.0-alpha.11:fast_fallback_races_tcp_connections,fast_fallback_races_tcp_connections,http.connection.fast-fallback,exact_version_and_name,true,2,1,2,race_tls_handshakes_during_fast_fallback,false,contracts/okhttp/okhttp_origin_latest_survivors.json:46,ed4f91b1c4d9661e6117484374dd525b77916e10d284e446848544f5668a768d
http-noncommon-0137,okhttp,okhttp:5.0.0-alpha.11:server_sent_event_bodies_are_not_logged,server_sent_event_bodies_are_not_logged,http.logging.sse-redaction,exact_version_and_name,true,1,1,1,log_sse_response_body,false,contracts/okhttp/okhttp_origin_latest_survivors.json:47,9bc8a65b0f98ee90d37e465cfe000846a7e72243f7c88e9024f7bd3a587e2a50
http-noncommon-0138,okhttp,okhttp:5.0.0-alpha.11:request_to_string_redacts_sensitive_headers,request_to_string_redacts_sensitive_headers,http.headers.sensitive-redaction,exact_version_and_name,true,1,2,2,include_sensitive_values_in_string_rendering,false,contracts/okhttp/okhttp_origin_latest_survivors.json:49,0ed27b2d8f667e87b0bb5023777e8979a8190a16d9e2ca7237fb4d190bfeb469
http-noncommon-0139,okhttp,okhttp:5.0.0-alpha.9:url_domain_label_length_limits_are_enforced,url_domain_label_length_limits_are_enforced,http.url.domain-label-length,exact_version_and_name,true,1,1,1,accept_domain_label_over_63_octets,true,contracts/okhttp/okhttp_origin_latest_survivors.json:50,0d4bc15f9f5947d4f61a42de23ac5d5326941892effceb826088665ec0280a5f
http-noncommon-0140,okhttp,okhttp:5.0.0-alpha.9:multipart_body_omits_aggregate_content_length,multipart_body_omits_aggregate_content_length,http.multipart.content-length-policy,exact_version_and_name,true,1,1,1,emit_multipart_content_length,false,contracts/okhttp/okhttp_origin_latest_survivors.json:51,4e1f0a3e3728f712aa2b5a345ca177b20b51988502afd3eade4b0ce63eb354ec
http-noncommon-0141,okhttp,okhttp:5.0.0-alpha.8:h2_prior_knowledge_does_not_tunnel_through_http_proxy,h2_prior_knowledge_does_not_tunnel_through_http_proxy,http2.proxy.prior-knowledge,exact_version_and_name,true,1,1,2,send_h2_prior_knowledge_preface_to_proxy,false,contracts/okhttp/okhttp_origin_latest_survivors.json:52,893c530ca8bd824c9aea1018fe147d8b49c5e154806e63b811ad1431baddb022
http-noncommon-0142,okhttp,okhttp:5.0.0-alpha.7:http_100_empty_body_trailers_are_not_promoted_to_headers,http_100_empty_body_trailers_are_not_promoted_to_headers,http.response.informational-trailer-boundary,exact_version_and_name,true,1,1,2,promote_trailers_to_headers_after_100,false,contracts/okhttp/okhttp_origin_latest_survivors.json:55,19f0ba0bb5dbe465aea1a8ef6ea1f0168a2ffca3e0076f871a3f74c8431b8c7d
http-noncommon-0143,okhttp,okhttp:5.0.0-alpha.7:fast_fallback_deferred_and_held_connection_race_does_not_crash,fast_fallback_deferred_and_held_connection_race_does_not_crash,http.connection.fast-fallback-race,exact_version_and_name,true,3,1,2,double_close_fast_fallback_connections,false,contracts/okhttp/okhttp_origin_latest_survivors.json:56,1f948bb990bd3a5f138e99c6c30909c6a43bb831b34ad5d77a5e94d7f0e1d073
http-noncommon-0144,okhttp,okhttp:5.0.0-alpha.5:dns_is_not_called_for_literal_ip_addresses,dns_is_not_called_for_literal_ip_addresses,http.dns.literal-ip-bypass,exact_version_and_name,true,1,1,2,resolve_literal_ip_with_dns,false,contracts/okhttp/okhttp_origin_latest_survivors.json:59,77fc9ee13f24038a4752c7f774dddd064e72315f0d8cce9a1847eefe3ed2ea5f
http-noncommon-0145,okhttp,okhttp:5.0.0-alpha.4:eventsource_cancel_from_onopen_is_honored,eventsource_cancel_from_onopen_is_honored,http.sse.cancel-on-open,exact_version_and_name,true,2,1,2,ignore_eventsource_cancel_in_on_open,false,contracts/okhttp/okhttp_origin_latest_survivors.json:61,72dc32099e34e9d9af5957c3f855ae01c955c4777cd69038886833f1338f760b
http-noncommon-0146,okhttp,okhttp:5.0.0-alpha.4:certificate_pinner_builds_full_chains,certificate_pinner_builds_full_chains,tls.certificate-pinning-chain,exact_version_and_name,true,2,1,2,pin_only_leaf_certificate,false,contracts/okhttp/okhttp_origin_latest_survivors.json:62,8b71d6448a05b4eef9eb89f7f84e0e9edec67cd3045a4ec1c14753798c6b299f
http-noncommon-0147,okhttp,okhttp:5.0.0-alpha.3:cookie_lone_quote_value_does_not_crash,cookie_lone_quote_value_does_not_crash,http.cookie.parser-robustness,exact_version_and_name,true,1,1,1,crash_on_lone_quote_cookie_value,false,contracts/okhttp/okhttp_origin_latest_survivors.json:64,666ee54cccc206304633ebf7e7c239c050f6cd165ee6067a8da7de9fa14c2ebd
http-noncommon-0148,okhttp,okhttp:5.0.0-alpha.3:tls13_is_enabled_on_modern_jdk,tls13_is_enabled_on_modern_jdk,tls.version-defaults,exact_version_and_name,true,2,1,1,omit_tls13_on_modern_jdk,false,contracts/okhttp/okhttp_origin_latest_survivors.json:65,af5391fe8f5c651c0b416ea99f732c93afb9f3449bbb222919355ecbce0fbc15
http-noncommon-0149,okhttp,okhttp:5.0.0-alpha.2:dns_over_https_executes_wire_dns_queries,dns_over_https_executes_wire_dns_queries,http.dns.doh-query,exact_version_and_name,true,1,1,2,do_not_send_doh_query,false,contracts/okhttp/okhttp_origin_latest_survivors.json:66,7f812dbfe3ef234019eccbaf6546cbd27dd14c58cf477265db7f28c435d2fa39
http-noncommon-0150,okhttp,okhttp:5.0.0-alpha.2:private_key_encoding_failure_fails_fast,private_key_encoding_failure_fails_fast,tls.private-key.validation,exact_version_and_name,true,1,1,2,block_or_defer_unencodable_private_key,false,contracts/okhttp/okhttp_origin_latest_survivors.json:69,748805cbe8667c96c4cd7d3939f67d5b33580e5414713474e161151f956dd5a9
http-noncommon-0151,okhttp,okhttp:5.0.0-alpha.2:non_ascii_hostname_fails_before_tls_verification,non_ascii_hostname_fails_before_tls_verification,tls.hostname-verification-non-ascii,exact_version_and_name,true,1,1,2,attempt_network_for_non_ascii_hostname,false,contracts/okhttp/okhttp_origin_latest_survivors.json:70,6853c2f5a2ddd1550e2f12e4f2b8d0c5b38336e35c015c870b5a2584a3f545da
http-noncommon-0152,okhttp,okhttp:4.8.0:top_private_domain_malformed_host_does_not_crash,top_private_domain_malformed_host_does_not_crash,http.url.top-private-domain-malformed-host,exact_version_and_name,true,1,1,2,crash_on_top_private_domain_malformed_host,false,contracts/okhttp/okhttp_origin_latest_survivors.json:80,8acafa74038a7f0b85bf02baa2b6fbc4d857d1bc4428adb16b19bc40c9e2d64c
http-noncommon-0153,okhttp,okhttp:4.8.0:brotli_empty_body_is_not_decompressed,brotli_empty_body_is_not_decompressed,http.response.brotli-empty-body,exact_version_and_name,true,1,1,2,decompress_empty_brotli_body,true,contracts/okhttp/okhttp_origin_latest_survivors.json:81,cf665eb5ebb2c9926421f43fa509fa462934c0f5babd1d86677338a2d3fc4145
http-noncommon-0154,okhttp,okhttp:4.7.0:insecure_host_allowlist_disables_verification_only_for_that_host,insecure_host_allowlist_disables_verification_only_for_that_host,tls.hostname-verification-insecure-host-allowlist,exact_version_and_name,true,2,1,1,ignore_insecure_host_allowlist,false,contracts/okhttp/okhttp_origin_latest_survivors.json:82,6aa8cf0f7a38d795b783ebdb4d0926c575fcd13f35427f79c29953327534ff72
http-noncommon-0155,okhttp,okhttp:4.7.0:cache_hit_miss_events_are_emitted,cache_hit_miss_events_are_emitted,http.lifecycle.cache-events,exact_version_and_name,true,2,1,2,omit_cache_lifecycle_events,false,contracts/okhttp/okhttp_origin_latest_survivors.json:83,e37057dcf4626855cc72c503b80a55021c3ab1e7326b1c4bbb5b245f0c87a563
http-noncommon-0156,okhttp,okhttp:4.7.0:sse_calls_send_accept_event_stream_by_default,sse_calls_send_accept_event_stream_by_default,http.sse.accept-header,exact_version_and_name,true,1,1,1,omit_default_sse_accept_header,false,contracts/okhttp/okhttp_origin_latest_survivors.json:84,582fe415528ea2528cf5d8daf758b1668d2687e6619cd0121c2b93441d374a72
http-noncommon-0157,okhttp,okhttp:4.7.0:sse_preserves_existing_accept_header,sse_preserves_existing_accept_header,http.sse.accept-header-preservation,exact_version_and_name,true,1,1,1,overwrite_existing_sse_accept_header,false,contracts/okhttp/okhttp_origin_latest_survivors.json:85,4a13a075700174df529decd9571ba25d2ec3d2d64b5a7a70dfc4c49e95f7193b
http-noncommon-0158,okhttp,okhttp:4.7.0:websocket_ping_close_race_does_not_crash,websocket_ping_close_race_does_not_crash,websocket.ping-close-race,exact_version_and_name,true,1,1,2,crash_on_ping_close_race,false,contracts/okhttp/okhttp_origin_latest_survivors.json:86,5e21b7612f80e9d2e2c5b97cb59855b2c707f620dd343ca7a76932ef91b47451
http-noncommon-0159,okhttp,okhttp:4.6.0:websocket_deflated_empty_output_does_not_crash,websocket_deflated_empty_output_does_not_crash,websocket.compression-empty-output,exact_version_and_name,true,2,1,1,assume_each_deflate_input_yields_output,false,contracts/okhttp/okhttp_origin_latest_survivors.json:88,d6cafdd324af2b38a344c018a834d57fa35f4201df56f767f76d7e3523803195
http-noncommon-0160,okhttp,okhttp:4.6.0:multipart_reader_streams_response_parts,multipart_reader_streams_response_parts,http.multipart.response-streaming,exact_version_and_name,true,1,1,2,buffer_entire_multipart_response,false,contracts/okhttp/okhttp_origin_latest_survivors.json:89,88f2d88317c6eab71571a6956cfe58ecdc76ec1479f87ae57d0116267ff112de
http-noncommon-0161,okhttp,okhttp:4.6.0:media_type_parameter_extracts_quoted_boundary,media_type_parameter_extracts_quoted_boundary,http.media-type.parameter-parsing,exact_version_and_name,true,1,1,1,fail_to_unquote_media_type_parameter,false,contracts/okhttp/okhttp_origin_latest_survivors.json:90,ac07ef25a09732d2624b9234c32014d79f3a7e3ab6303ce181fc192ea342c5ff
http-noncommon-0162,okhttp,okhttp:4.6.0:certificate_pinner_pins_are_inspectable,certificate_pinner_pins_are_inspectable,tls.certificate-pinning-inspection,exact_version_and_name,true,1,1,1,hide_configured_certificate_pins,false,contracts/okhttp/okhttp_origin_latest_survivors.json:91,650ae6e176870c6e5659b3501431fd01f368316913ff8a4c2e3eb54f172f519d
http-noncommon-0163,okhttp,okhttp:4.5.0:dns_over_https_honors_response_cache_ttl,dns_over_https_honors_response_cache_ttl,http.dns.doh-cache-ttl,exact_version_and_name,true,1,1,1,cache_doh_response_indefinitely,false,contracts/okhttp/okhttp_origin_latest_survivors.json:92,7324bf98a9f1d189b38068d3b93ef127c870394ca1332231158eafb818405b3f
http-noncommon-0164,okhttp,okhttp:4.5.0:websocket_outbound_compression_threshold_is_honored,websocket_outbound_compression_threshold_is_honored,websocket.compression-threshold,exact_version_and_name,true,1,1,2,compress_all_websocket_messages,false,contracts/okhttp/okhttp_origin_latest_survivors.json:94,134c778829b597e6004e414c2eb6c9bfd625f7c0b18e5eaf538189a333ef65d6
http-noncommon-0165,okhttp,okhttp:4.5.0-RC1:bad_url_hostname_characters_are_rejected,bad_url_hostname_characters_are_rejected,http.url.hostname-validation,exact_version_and_name,true,1,1,1,accept_bad_hostname_characters,true,contracts/okhttp/okhttp_origin_latest_survivors.json:95,0ebec360e38aed5cbf470204f4a1a029b567b9e2b6af2127fd753f126862fc6e
http-noncommon-0166,okhttp,okhttp:4.5.0-RC1:all_route_failures_include_suppressed_exceptions,all_route_failures_include_suppressed_exceptions,http.connection.route-failure-diagnostics,exact_version_and_name,true,1,1,1,drop_suppressed_route_failures,false,contracts/okhttp/okhttp_origin_latest_survivors.json:96,a3451d36b158031063fc62521fed34b8a2503adfcec058f6c9002c5cf92fa087
http-noncommon-0167,okhttp,okhttp:4.4.1:redirect_does_not_reuse_connection_when_dns_differs,redirect_does_not_reuse_connection_when_dns_differs,http.redirect.connection-coalescing-dns,exact_version_and_name,true,3,1,1,coalesce_redirect_connection_when_dns_differs,false,contracts/okhttp/okhttp_origin_latest_survivors.json:97,b87a13db82fa953a6499e3385922a099e7c21386f8b3209bd9374dc8a03cf543
http-noncommon-0168,okhttp,okhttp:4.4.1:trust_everything_redirect_does_not_fail,trust_everything_redirect_does_not_fail,tls.redirect.trust-all,exact_version_and_name,true,2,1,1,reject_redirect_with_trust_all_manager,false,contracts/okhttp/okhttp_origin_latest_survivors.json:98,da6b3ae7920e0bf693def6d15385289fdf9a713e7894f63215c19569bbb7953f
http-noncommon-0169,okhttp,okhttp:4.4.0:event_listener_canceled_event_is_emitted,event_listener_canceled_event_is_emitted,http.lifecycle.cancel-events,exact_version_and_name,true,2,1,1,omit_canceled_event,false,contracts/okhttp/okhttp_origin_latest_survivors.json:99,1a03519c05e6b228c62dd5a9a804697d534026e1dbe03466bfca1211fcc063f6
http-noncommon-0170,okhttp,okhttp:4.4.0:http2_refused_stream_and_cancel_retries_are_limited,http2_refused_stream_and_cancel_retries_are_limited,http2.retry-limit,exact_version_and_name,true,1,1,2,retry_http2_refused_stream_forever,false,contracts/okhttp/okhttp_origin_latest_survivors.json:100,e136a8d306f0f0bd8a77edb7b6b9260e3cc1f43b3fa3dc44fd38b9bd8b0649c7
http-noncommon-0171,okhttp,okhttp:4.4.0:http_421_retries_on_unshared_connection,http_421_retries_on_unshared_connection,http2.connection-coalescing-421,exact_version_and_name,true,2,1,2,do_not_retry_421_on_unshared_connection,false,contracts/okhttp/okhttp_origin_latest_survivors.json:101,9b3beb4ca6ea200fdde9a1055906873db018d63096a773a4ff3cfe8942f4d389
http-noncommon-0172,okhttp,okhttp:4.4.0:tls_tunnel_truncated_response_body_does_not_crash,tls_tunnel_truncated_response_body_does_not_crash,http.proxy.tunnel-truncated-response,exact_version_and_name,true,1,1,2,crash_on_truncated_tunnel_response,false,contracts/okhttp/okhttp_origin_latest_survivors.json:102,80cd95fba344c90ea7b57bfb089c7894fd5208307e53ce56862e7dda30a7199b
http-noncommon-0173,okhttp,okhttp:4.4.0:unusable_routes_are_not_tracked_indefinitely,unusable_routes_are_not_tracked_indefinitely,http.connection.route-database-eviction,exact_version_and_name,true,2,1,1,blacklist_route_forever,false,contracts/okhttp/okhttp_origin_latest_survivors.json:103,073f6014bbad42bbe5cf4c42862fd717ccdb92752c01c76ba88b16e1b8ab6427
http-noncommon-0174,okhttp,okhttp:4.4.0:proxy_selection_is_deferred_until_needed,proxy_selection_is_deferred_until_needed,http.proxy.selection-laziness,exact_version_and_name,true,2,1,1,select_proxy_despite_pooled_connection,false,contracts/okhttp/okhttp_origin_latest_survivors.json:104,f0f2893161c8d04a56605bdee82515c62bb1a7ccf382b6401d26276e0ace4dbf
http-noncommon-0175,okhttp,okhttp:4.3.1:websocket_closed_before_connect_does_not_crash,websocket_closed_before_connect_does_not_crash,websocket.close-before-connect,exact_version_and_name,true,1,1,2,crash_when_websocket_closed_before_connect,false,contracts/okhttp/okhttp_origin_latest_survivors.json:105,3631a8183728993b2026fcead69a9a7027f9e55c04b86496a6fb51be6a35b6fd
http-noncommon-0176,okhttp,okhttp:4.3.1:android_https_sets_sni_server_name,android_https_sets_sni_server_name,tls.sni.server-name,exact_version_and_name,true,2,1,1,omit_sni_on_android5,false,contracts/okhttp/okhttp_origin_latest_survivors.json:106,17081b7cab767bc93f76fd378ab6a5f74d10266e00aef57497b7549463939dbf
http-noncommon-0177,okhttp,okhttp:4.3.0:response_start_events_wait_for_actual_bytes,response_start_events_wait_for_actual_bytes,http.lifecycle.response-start-events,exact_version_and_name,true,2,1,1,emit_response_start_before_bytes_arrive,false,contracts/okhttp/okhttp_origin_latest_survivors.json:107,77c312ffe6437944a7cfef417e5e159311018e2c2436bbfab0729b175fecc43b
http-noncommon-0178,okhttp,okhttp:4.3.0:certificate_pinner_double_wildcard_matches_multiple_subdomain_depths,certificate_pinner_double_wildcard_matches_multiple_subdomain_depths,tls.certificate-pinning-double-wildcard,exact_version_and_name,true,2,1,1,treat_double_wildcard_as_single_label,false,contracts/okhttp/okhttp_origin_latest_survivors.json:108,0aa17765e07538c4be600bdfdb3dc3d47cbd24c839901dcbfd7fe55011f60869
http-noncommon-0179,okhttp,okhttp:4.3.0:unexpected_interceptor_exception_notifies_callback_failure,unexpected_interceptor_exception_notifies_callback_failure,http.lifecycle.unexpected-exception-callback,exact_version_and_name,true,2,1,2,drop_callback_on_unexpected_exception,false,contracts/okhttp/okhttp_origin_latest_survivors.json:109,ea05a197e2c28979e0bb101e488a5f46d588b9f1c36806fb84016925e5514fe3
http-noncommon-0180,okhttp,okhttp:4.3.0:http2_head_inconsistent_content_length_does_not_crash,http2_head_inconsistent_content_length_does_not_crash,http2.head.content-length-robustness,exact_version_and_name,true,1,1,2,crash_on_head_content_length_mismatch,false,contracts/okhttp/okhttp_origin_latest_survivors.json:110,8a73453475d946e6d620073f81dc71ec61a930b671b4b519f303fb8562460995
http-noncommon-0181,okhttp,okhttp:4.3.0:http_url_to_uri_strips_invalid_hostname_characters,http_url_to_uri_strips_invalid_hostname_characters,http.url.uri-conversion-host-sanitization,exact_version_and_name,true,1,1,2,throw_on_uri_conversion_with_invalid_host_chars,false,contracts/okhttp/okhttp_origin_latest_survivors.json:111,8bd67e0697014ce5f4e04a5417459021ac62c845803b9c6bb6763f113f798239
http-noncommon-0182,okhttp,okhttp:4.3.0:logging_interceptor_honors_one_shot_request_body,logging_interceptor_honors_one_shot_request_body,http.logging.one-shot-request-body,exact_version_and_name,true,1,1,2,log_and_consume_one_shot_request_body,false,contracts/okhttp/okhttp_origin_latest_survivors.json:112,2afe71b6905f0885aa3f8030369e56e2e05d151d4a4166fb0b5340510c7db954
http-noncommon-0183,okhttp,okhttp:4.2.2:http2_self_cancel_does_not_send_end_stream,http2_self_cancel_does_not_send_end_stream,http2.cancel-end-stream,exact_version_and_name,true,2,1,1,send_end_stream_after_self_cancel,false,contracts/okhttp/okhttp_origin_latest_survivors.json:113,21a04b2d4ef5fe6527bb12ec5224c9e06c1cc0bf17f07e6f0641c0e5edc07812
http-noncommon-0184,okhttp,okhttp:4.2.1:explicit_proxy_clients_share_connection_pool,explicit_proxy_clients_share_connection_pool,http.proxy.connection-pool-sharing,exact_version_and_name,true,1,1,1,treat_equivalent_explicit_proxy_selectors_as_different,false,contracts/okhttp/okhttp_origin_latest_survivors.json:114,a4e3a9f71768ea2eb6f9da106276e90bee54de640579b44818fb7ffb6ca546df
http-noncommon-0185,okhttp,okhttp:4.1.1:cached_response_preserves_repeated_headers,cached_response_preserves_repeated_headers,http.cache.repeated-headers,exact_version_and_name,true,1,1,1,deduplicate_repeated_cached_headers,false,contracts/okhttp/okhttp_origin_latest_survivors.json:116,6542034c115e3e2a051a417dd7103fbc5768132baa8165f8262ffe4f67699a2e
http-noncommon-0186,okhttp,okhttp:4.1.0:proxy_selection_events_are_emitted,proxy_selection_events_are_emitted,http.lifecycle.proxy-selection-events,exact_version_and_name,true,2,1,2,omit_proxy_selection_events,false,contracts/okhttp/okhttp_origin_latest_survivors.json:117,0358688e60958ede7933738ee2d628e98b8b6aa44484d7e3b34d56b112f3a65c
http-noncommon-0187,okhttp,okhttp:4.1.0:websocket_allows_1012_1013_1014_close_codes,websocket_allows_1012_1013_1014_close_codes,websocket.close-code-policy,exact_version_and_name,true,1,1,1,reject_websocket_1012_1013_1014,false,contracts/okhttp/okhttp_origin_latest_survivors.json:118,6a7540b0580980aced00b4ee3d60cfea1c35d072013b8b030452fd980d461ae1
http-noncommon-0188,okhttp,okhttp:4.1.0:coalesced_connection_unhealthy_recovery_continues,coalesced_connection_unhealthy_recovery_continues,http2.connection-coalescing-stale-recovery,exact_version_and_name,true,2,1,2,crash_on_stale_coalesced_connection,false,contracts/okhttp/okhttp_origin_latest_survivors.json:119,ff3ff0974c0d822f6b04e64f7c4ae97928ae3920058f5f578ae65431c511043a
http-noncommon-0189,okhttp,okhttp:4.1.0:cache_iterator_does_not_evict_incomplete_entries,cache_iterator_does_not_evict_incomplete_entries,http.cache.iterator-incomplete-entry,exact_version_and_name,true,1,1,1,remove_in_progress_cache_entry_during_iteration,false,contracts/okhttp/okhttp_origin_latest_survivors.json:121,d6af096e2d6003ff861bb03d06561b1864e6b3b226442866a32862a423bc891d
http-noncommon-0190,okhttp,okhttp:3.14.6:degraded_http2_ping_closed_connection_does_not_crash,degraded_http2_ping_closed_connection_does_not_crash,http2.degraded-ping-closed-connection,exact_version_and_name,true,1,1,2,crash_sending_degraded_ping_on_closed_connection,false,contracts/okhttp/okhttp_origin_latest_survivors.json:122,099e75efed3044e3b06ff7c112d4e7a6319bba278dffd2d094d541418443ec14
http-noncommon-0191,okhttp,okhttp:3.14.2:http2_route_lock_prevents_concurrent_recovery_crash,http2_route_lock_prevents_concurrent_recovery_crash,http2.connection-error-route-lock,exact_version_and_name,true,2,1,2,race_route_iterator_during_http2_recovery,false,contracts/okhttp/okhttp_origin_latest_survivors.json:127,d7e89f2c1a4cdee5d89387bcd9ffc873e76f3e5a2867f3df6e3bae6792b85ec8
http-noncommon-0192,okhttp,okhttp:3.14.1:interceptor_retry_no_more_routes_fails_as_io_error,interceptor_retry_no_more_routes_fails_as_io_error,http.interceptor.retry-route-exhaustion,exact_version_and_name,true,2,1,2,crash_on_interceptor_retry_after_routes_exhausted,false,contracts/okhttp/okhttp_origin_latest_survivors.json:129,bfdb824235da81e4f9165a74e557d865c2cb4c8f0c13828aa69229d4ebcdfa30
http-noncommon-0193,okhttp,okhttp:3.14.0:one_shot_request_body_is_not_retransmitted,one_shot_request_body_is_not_retransmitted,http.retry.one-shot-body,exact_version_and_name,true,2,1,1,retry_one_shot_request_body,false,contracts/okhttp/okhttp_origin_latest_survivors.json:130,6c079148c955b6b3958c6189bba67b5ea73c1b7269a8e5ca7306e1b253eab7fa
http-noncommon-0194,okhttp,okhttp:3.14.0:request_failed_and_response_failed_events_are_emitted,request_failed_and_response_failed_events_are_emitted,http.lifecycle.failure-events,exact_version_and_name,true,2,1,1,omit_failure_lifecycle_events,false,contracts/okhttp/okhttp_origin_latest_survivors.json:131,dd781620919a76e4b823294f79859cf4afb25377f96a53c6dcb3b5dcb21ce7ed
http-noncommon-0195,okhttp,okhttp:3.14.0:cancel_before_failure_callback_releases_connection,cancel_before_failure_callback_releases_connection,http.call.cancel-failure-leak,exact_version_and_name,true,2,1,1,leak_connection_on_cancel_before_failure,false,contracts/okhttp/okhttp_origin_latest_survivors.json:132,3e2f0432e2e8ed7a6776c07c2ba8a46f221cb8811f85949246131d17e7f14816
http-noncommon-0196,okhttp,okhttp:3.14.0:call_timeout_applies_while_connecting_long_lived_streams,call_timeout_applies_while_connecting_long_lived_streams,http.timeout.long-lived-connect,exact_version_and_name,true,2,1,2,do_not_apply_call_timeout_until_stream_established,false,contracts/okhttp/okhttp_origin_latest_survivors.json:133,257fa41141364dcbdf7fd1bbc78036a94a0a18a6b5c874f82dfa9bf2227d40e8
http-noncommon-0197,okhttp,okhttp:3.14.0:route_is_retained_on_reused_followup_connection,route_is_retained_on_reused_followup_connection,http.redirect.route-retention,exact_version_and_name,true,2,1,1,drop_route_on_reused_followup_connection,false,contracts/okhttp/okhttp_origin_latest_survivors.json:134,63e7ce7996dd9be24f0f4d21f3b9dd8716c761991c6875d3b433a9e0f5d1b253
http-noncommon-0198,okhttp,okhttp:3.13.0:response_trailers_available_after_body_exhausted,response_trailers_available_after_body_exhausted,http.response.trailers-after-body,exact_version_and_name,true,1,1,2,discard_trailers_after_body_read,false,contracts/okhttp/okhttp_origin_latest_survivors.json:135,2dc6f64c29bf67d0f71ef9ae0ae8d8e775be6aecb45239b141c6b633f987c201
http-noncommon-0199,okhttp,okhttp:3.13.0:http2_cancel_while_sending_headers_is_not_missed,http2_cancel_while_sending_headers_is_not_missed,http2.cancel-during-headers,exact_version_and_name,true,1,1,2,miss_cancel_during_http2_headers,false,contracts/okhttp/okhttp_origin_latest_survivors.json:136,a227d1e62d396fdb274cc7460782519b7a44edc92c7052bf8322e3270a942e43
http-noncommon-0200,okhttp,okhttp:3.13.0:call_timeout_is_preserved_across_redirects,call_timeout_is_preserved_across_redirects,http.timeout.redirect-whole-call,exact_version_and_name,true,2,1,2,reset_call_timeout_on_redirect,false,contracts/okhttp/okhttp_origin_latest_survivors.json:137,028fd598397fbcc0c5397b54194ea64cac24dae7b4a5d09358142d44f9e7d12c
http-noncommon-0201,okhttp,okhttp:3.13.0:websocket_malformed_response_or_onopen_exception_releases_connection,websocket_malformed_response_or_onopen_exception_releases_connection,websocket.failure-connection-leak,exact_version_and_name,true,1,1,1,leak_connection_on_websocket_malformed_upgrade,false,contracts/okhttp/okhttp_origin_latest_survivors.json:138,6769a59d35a1ee0d9b207b3e05a19de4f84fa6f5b7cad2eb9d07fed2eedf616c
http-noncommon-0202,okhttp,okhttp:3.13.0:file_not_found_request_body_is_not_retried,file_not_found_request_body_is_not_retried,http.retry.file-body-failure,exact_version_and_name,true,1,1,2,retry_file_not_found_request_body,false,contracts/okhttp/okhttp_origin_latest_survivors.json:139,3e1016f3c819e4f52b40961b5079bb02907a8d068e5ff62a1a1070b81ce207ed
http-noncommon-0203,okhttp,okhttp:3.13.0:ssl_socket_factory_cannot_be_used_as_plain_socket_factory,ssl_socket_factory_cannot_be_used_as_plain_socket_factory,tls.socket-factory-validation,exact_version_and_name,true,1,1,2,allow_ssl_socket_factory_as_plain_socket_factory,false,contracts/okhttp/okhttp_origin_latest_survivors.json:142,b9263a7e0b0301c7b15f0341a2f9cf61ce9d3bd97967b0776c57a4558e70264b
http-noncommon-0204,okhttp,okhttp:3.13.0:logging_event_listener_reports_tls_handshake,logging_event_listener_reports_tls_handshake,tls.logging.handshake,exact_version_and_name,true,1,1,2,omit_tls_handshake_from_event_logs,false,contracts/okhttp/okhttp_origin_latest_survivors.json:143,9c214a3e48968ddec7a532e96cac347899c0a830b91b057bf69632333d1c95ab
http-noncommon-0205,okhttp,okhttp:3.12.2:tls_handshake_without_peer_certificates_fails_cleanly,tls_handshake_without_peer_certificates_fails_cleanly,tls.handshake-empty-peer-certificates,exact_version_and_name,true,1,1,2,crash_on_empty_peer_certificate_chain,false,contracts/okhttp/okhttp_origin_latest_survivors.json:150,bc6073fa38780d8eb09d48b8af4498afc700e75ea126fa0f7f03ac0346ff1f2d
http-noncommon-0206,okhttp,okhttp:3.12.0:http_logging_interceptor_redacts_configured_headers,http_logging_interceptor_redacts_configured_headers,http.logging.header-redaction,exact_version_and_name,true,1,1,1,log_redacted_header_value,false,contracts/okhttp/okhttp_origin_latest_survivors.json:153,610098e8896138f0003b829545e41d5a867a2775d4bb909a154740b2d6b8e3a9
http-noncommon-0207,okhttp,okhttp:3.12.0:dispatcher_executor_shutdown_reports_rejected_execution,dispatcher_executor_shutdown_reports_rejected_execution,http.dispatcher.executor-shutdown,exact_version_and_name,true,1,1,2,drop_call_when_executor_shutdown,false,contracts/okhttp/okhttp_origin_latest_survivors.json:154,566f2e6b56defcf02dc0ca284744eb0f9ae96f7bd630c04d69198f9e97bf61c4
http-noncommon-0208,okhttp,okhttp:3.12.0:immutable_cache_control_is_not_permanent,immutable_cache_control_is_not_permanent,http.cache.immutable-directive,exact_version_and_name,true,1,1,1,cache_immutable_response_forever,false,contracts/okhttp/okhttp_origin_latest_survivors.json:155,4fc2d9d3f7a25428f71636054c731ae58b4eb184a43fc90ef0363c885ec1987d
http-noncommon-0209,okhttp,okhttp:3.12.0:null_default_authenticator_does_not_crash,null_default_authenticator_does_not_crash,http.auth.null-default-authenticator,exact_version_and_name,true,2,1,2,crash_on_null_system_authenticator,false,contracts/okhttp/okhttp_origin_latest_survivors.json:156,14f8c13fef5e44c877f112e0a3e7a9c3a552a39d2091b3a13e988043b36ef9bd
http-noncommon-0210,okhttp,okhttp:3.12.0:websocket_failed_upgrade_does_not_leak_socket,websocket_failed_upgrade_does_not_leak_socket,websocket.upgrade-failure-socket-leak,exact_version_and_name,true,1,1,1,leak_socket_after_websocket_upgrade_failure,false,contracts/okhttp/okhttp_origin_latest_survivors.json:157,57c3382b9af835983ce85a3f7aee1a7a5542a0aac220a439fcbfba5dc68e51a9
http-noncommon-0211,okhttp,okhttp:3.11.0:server_sent_events_stream_messages,server_sent_events_stream_messages,http.sse.streaming,exact_version_and_name,true,1,1,1,do_not_parse_sse_events,false,contracts/okhttp/okhttp_origin_latest_survivors.json:159,030f1902371088efab4d116345dec221877b4d184c8ac0b339054f1677ae2946
http-noncommon-0212,okhttp,okhttp:3.11.0:http2_multiple_canceled_calls_do_not_release_shared_connection,http2_multiple_canceled_calls_do_not_release_shared_connection,http2.cancel-connection-reuse,exact_version_and_name,true,1,1,1,close_shared_http2_connection_after_multiple_cancels,false,contracts/okhttp/okhttp_origin_latest_survivors.json:161,d9bc7b9214a43452c2c8df2596aa95fe4ec061b8b58a18a66c8cfa49cdd9522e
http-noncommon-0213,okhttp,okhttp:3.11.0:discarded_http2_data_releases_flow_control_window,discarded_http2_data_releases_flow_control_window,http2.flow-control-discarded-data,exact_version_and_name,true,2,1,1,leak_flow_control_window_for_discarded_data,false,contracts/okhttp/okhttp_origin_latest_survivors.json:162,1c48ecbf47c113a8b331ec330e1b9dbb76b2541c5fc479fdc23359e6337a0e95
http-noncommon-0214,okhttp,okhttp:3.11.0:unexpected_tls_session_values_are_recovered,unexpected_tls_session_values_are_recovered,tls.session-invalid-values,exact_version_and_name,true,1,1,2,crash_on_unexpected_tls_session_values,false,contracts/okhttp/okhttp_origin_latest_survivors.json:163,d707f93ad136ea9e534a6a0ddc6f53139db849c9138c001e059869be5c8da0e0
http-noncommon-0215,okhttp,okhttp:3.11.0:tls12_is_preferred_where_available,tls12_is_preferred_where_available,tls.version-preference,exact_version_and_name,true,1,1,1,prefer_tls11_over_tls12,false,contracts/okhttp/okhttp_origin_latest_survivors.json:165,d3349ef10acb61abc648c5aed7960535cae925f0a9d1eb91e0245b698f4cc886
http-noncommon-0216,okhttp,okhttp:3.11.0:authenticator_exception_releases_connection,authenticator_exception_releases_connection,http.auth.exception-connection-release,exact_version_and_name,true,2,1,1,leak_connection_when_authenticator_throws,false,contracts/okhttp/okhttp_origin_latest_survivors.json:166,0906691c0793f3d56a79f1c8b68e10a9859ee5968b97179f65fe1bbd78edec65
http-noncommon-0217,okhttp,okhttp:3.11.0:initial_connect_exception_is_primary_after_retry_failure,initial_connect_exception_is_primary_after_retry_failure,http.connection.exception-priority,exact_version_and_name,true,2,1,2,throw_retry_exception_as_primary,false,contracts/okhttp/okhttp_origin_latest_survivors.json:167,5ec796e8ada0525dc545feee67e36d0ff02316ebe5f712462ba678ebce991cb6
http-noncommon-0218,okhttp,okhttp:3.11.0:interrupted_state_is_retained_after_interrupted_io,interrupted_state_is_retained_after_interrupted_io,http.call.interrupted-state,exact_version_and_name,true,1,1,2,clear_interrupted_state_on_io_exception,false,contracts/okhttp/okhttp_origin_latest_survivors.json:168,3d9bb4b7c20c5d8eb18dbbfa0260082ebb6ddc3ca04466b05169e9e262720582
http-noncommon-0219,okhttp,okhttp:3.11.0:call_end_event_is_emitted_when_interceptor_consumes_body,call_end_event_is_emitted_when_interceptor_consumes_body,http.lifecycle.call-end-after-interceptor-body,exact_version_and_name,true,2,1,1,omit_call_end_when_interceptor_consumes_body,false,contracts/okhttp/okhttp_origin_latest_survivors.json:169,a2a9687a10272ca93b5c0ca1bd737df6c2219c71cd0c5d62d318aac7ad3b67be
http-noncommon-0220,okhttp,okhttp:3.10.0:hostname_verification_does_not_fallback_to_common_name,hostname_verification_does_not_fallback_to_common_name,tls.hostname-verification-no-cn-fallback,exact_version_and_name,true,1,1,1,accept_common_name_without_subject_alt_name,false,contracts/okhttp/okhttp_origin_latest_survivors.json:171,6eba10e179e42112bcb48d7fa679a83afcd593af16e333a00a09a79dfc2f775a
http-noncommon-0221,okhttp,okhttp:3.10.0:retry_after_controls_503_and_408_retries,retry_after_controls_503_and_408_retries,http.retry.retry-after,exact_version_and_name,true,1,1,2,ignore_retry_after_header_for_retry,false,contracts/okhttp/okhttp_origin_latest_survivors.json:172,5fa99d8b94edc4cb086a7347aaec467f882c8633c77ae4023f00847452da3654
http-noncommon-0222,okhttp,okhttp:3.10.0:request_bodies_allowed_for_methods_except_get_and_head,request_bodies_allowed_for_methods_except_get_and_head,http.request.method-body-policy,exact_version_and_name,true,1,1,1,reject_delete_request_body,true,contracts/okhttp/okhttp_origin_latest_survivors.json:173,7900a53a66d28dc6ff72820720d464dadc78f220f54fdb4413f3a7be5afbef61
http-noncommon-0223,okhttp,okhttp:3.10.0:websockets_do_not_count_toward_per_host_dispatcher_limit,websockets_do_not_count_toward_per_host_dispatcher_limit,websocket.dispatcher-host-limit,exact_version_and_name,true,2,1,1,count_websocket_against_per_host_limit,false,contracts/okhttp/okhttp_origin_latest_survivors.json:175,ce24ccea788ed49bc64cd9565f46e274c3853005bafd2f412f82fcaab1c92efe
http-noncommon-0224,okhttp,okhttp:3.10.0:cache_304_does_not_corrupt_content_encoding,cache_304_does_not_corrupt_content_encoding,http.cache.304-content-encoding,exact_version_and_name,true,2,1,2,overwrite_cached_content_encoding_from_304,false,contracts/okhttp/okhttp_origin_latest_survivors.json:177,5b1254d4bd42b070385df12b2a751f5a8cc08f0ad9387f978e5940ae4ecfb61b
http-noncommon-0225,okhttp,okhttp:3.10.0:http2_goaway_before_stream_id_exhaustion,http2_goaway_before_stream_id_exhaustion,http2.stream-id-exhaustion,exact_version_and_name,true,1,1,2,open_stream_after_stream_id_exhaustion,false,contracts/okhttp/okhttp_origin_latest_survivors.json:178,0f63632893338f84f08d24b04c6cad1de65399a891e61000e7ec2242ac746d16
http-noncommon-0226,okhttp,okhttp:3.9.1:empty_query_does_not_include_fragment,empty_query_does_not_include_fragment,http.url.empty-query-fragment,exact_version_and_name,true,1,1,2,include_fragment_in_empty_encoded_query,false,contracts/okhttp/okhttp_origin_latest_survivors.json:179,18068bb4020db71c923d7cd825eb3979b86c3a999298211491f0df04e3b6e4f1
http-noncommon-0227,okhttp,okhttp:3.9.0:authentication_credentials_support_charset,authentication_credentials_support_charset,http.auth.charset,exact_version_and_name,true,1,1,1,encode_basic_auth_credentials_as_iso_8859_1_only,false,contracts/okhttp/okhttp_origin_latest_survivors.json:180,072f1156ba73d0c43c5c18a65a17d683c56bf47f0db0659075241f185f052b16
http-noncommon-0228,okhttp,okhttp:3.9.0:immutable_cache_control_directive_marks_response_fresh,immutable_cache_control_directive_marks_response_fresh,http.cache.immutable-directive-freshness,exact_version_and_name,true,1,1,1,ignore_immutable_cache_control_directive,false,contracts/okhttp/okhttp_origin_latest_survivors.json:182,be43871019e2027b7906aa8e27dd409542a113077f0cc83c780295fc2db22e0a
http-noncommon-0229,okhttp,okhttp:3.9.0:http_408_retry_respects_retry_on_connection_failure,http_408_retry_respects_retry_on_connection_failure,http.retry.408-policy,exact_version_and_name,true,1,1,2,do_not_retry_http_408_once,true,contracts/okhttp/okhttp_origin_latest_survivors.json:183,c8563edd34b6f55148e04844c0fef8da66a4bc1490636e4f55852dea00876c7c
http-noncommon-0230,okhttp,okhttp:3.9.0:cookies_are_accepted_for_ipv6_hosts,cookies_are_accepted_for_ipv6_hosts,http.cookie.ipv6-host,exact_version_and_name,true,1,1,1,reject_cookies_for_ipv6_hosts,false,contracts/okhttp/okhttp_origin_latest_survivors.json:184,05cfd6bb301752c304ccccbf62bdf31807a064e7770a13ce4535023457f35606
http-noncommon-0231,okhttp,okhttp:3.9.0:http2_status_header_omits_reason_phrase,http2_status_header_omits_reason_phrase,http2.headers.status-without-reason,exact_version_and_name,true,1,1,2,include_reason_phrase_in_http2_status_header,false,contracts/okhttp/okhttp_origin_latest_survivors.json:185,49264977a543cd5cb237bf91c2f5860cd02d28a498fde1c1c31ee713ca78d5aa
http-noncommon-0232,okhttp,okhttp:3.7.0:public_domain_cookies_are_rejected,public_domain_cookies_are_rejected,http.cookie.public-suffix-rejection,exact_version_and_name,true,1,1,1,accept_cookie_for_public_suffix,false,contracts/okhttp/okhttp_origin_latest_survivors.json:187,e3901ad6668409990f7099720d050558384fadbd228a6c0a68723c05c69fb335
http-noncommon-0233,okhttp,okhttp:3.7.0:ipv6_url_host_is_canonicalized,ipv6_url_host_is_canonicalized,http.url.ipv6-canonicalization,exact_version_and_name,true,1,1,1,preserve_noncanonical_ipv6_text,false,contracts/okhttp/okhttp_origin_latest_survivors.json:188,b7f1ebad315a008e94e4aca1ca1bc4609680cc7117df94a8f7d1e1d5e174ff1f
http-noncommon-0234,okhttp,okhttp:3.4.0-RC1:non_ascii_etag_cache_validation_does_not_crash,non_ascii_etag_cache_validation_does_not_crash,http.cache.non-ascii-etag,exact_version_and_name,true,1,1,1,reject_non_ascii_etag_during_cache_validation,false,contracts/okhttp/okhttp_origin_latest_survivors.json:191,e80f71806525c76f69968c8a54fa91da4259721a1395e50f3ad1907cf21f2c47
http-noncommon-0235,okhttp,okhttp:3.4.0-RC1:http2_hpack_dynamic_compression_is_used,http2_hpack_dynamic_compression_is_used,http2.headers.hpack-dynamic-encoding,exact_version_and_name,true,1,1,1,disable_dynamic_hpack_encoding,false,contracts/okhttp/okhttp_origin_latest_survivors.json:192,baf81f8a580e66599c3cb1b66cbbcfc7976725f11413955d30eecba0fcf32bd7
http-noncommon-0236,okhttp,okhttp:3.4.0-RC1:dispatcher_idle_callback_fires_when_no_calls_in_flight,dispatcher_idle_callback_fires_when_no_calls_in_flight,http.dispatcher.idle-callback,exact_version_and_name,true,1,1,1,omit_dispatcher_idle_callback,false,contracts/okhttp/okhttp_origin_latest_survivors.json:193,5c221e6391a08c1f05e9ed185949e0911e921f54e66e8e418b76d44d64828930
http-noncommon-0237,okhttp,okhttp:3.3.1:logging_plaintext_classifier_allows_newlines,logging_plaintext_classifier_allows_newlines,http.logging.plaintext-newline,exact_version_and_name,true,1,1,2,classify_newline_text_as_binary,false,contracts/okhttp/okhttp_origin_latest_survivors.json:194,c6f0f73094eaf8b0a1149efecc2c92fa5136fecec2d98ed6dbefbb13c279101a
http-noncommon-0238,okhttp,okhttp:3.3.1:non_ascii_http2_and_cached_headers_do_not_crash,non_ascii_http2_and_cached_headers_do_not_crash,http.headers.non-ascii-read-robustness,exact_version_and_name,true,1,1,2,crash_on_non_ascii_http2_or_cached_header,false,contracts/okhttp/okhttp_origin_latest_survivors.json:195,fa25f20d4a23a529d873e45b1142dff49041f5c3795555f77145dde37e68ee8f
http-noncommon-0239,okhttp,okhttp:3.3.1:websocket_non_101_response_body_is_retained,websocket_non_101_response_body_is_retained,websocket.non-101-response-body,exact_version_and_name,true,1,1,1,discard_non_101_websocket_response_body,false,contracts/okhttp/okhttp_origin_latest_survivors.json:196,3735735677a835653f3cf39220a833155fbbf98acac383b3f5a7d45b8d67f7b7
http-noncommon-0240,okhttp,okhttp:3.3.0:response_records_sent_and_received_timestamps,response_records_sent_and_received_timestamps,http.response.timing-metadata,exact_version_and_name,true,1,1,1,omit_response_timing_metadata,false,contracts/okhttp/okhttp_origin_latest_survivors.json:197,77b1026d4634429d3feab3c62340ea12f9635fde8e5aca6a56562e6a1bc2d07b
http-noncommon-0241,okhttp,okhttp:3.3.0:custom_trust_manager_is_used_directly,custom_trust_manager_is_used_directly,tls.trust-manager.custom,exact_version_and_name,true,2,1,2,ignore_custom_trust_manager,false,contracts/okhttp/okhttp_origin_latest_survivors.json:198,2f821c61c03fa0d7f7b1d5982c0e157346e14b8df674c4d37e31668b782de4fc
http-noncommon-0242,okhttp,okhttp:3.3.0:logging_interceptor_logs_connection_failures,logging_interceptor_logs_connection_failures,http.logging.connection-failure,exact_version_and_name,true,1,1,1,omit_connection_failures_from_logs,false,contracts/okhttp/okhttp_origin_latest_survivors.json:199,677e55dea50c3b906d9ea557ae22fcfec5ce4dc0c7b6a17cf6a2c2b85e4e1254
http-noncommon-0243,okhttp,okhttp:3.3.0:cache_journal_rebuild_failure_recovers,cache_journal_rebuild_failure_recovers,http.cache.journal-rebuild-failure,exact_version_and_name,true,2,1,2,crash_on_cache_journal_rebuild_failure,false,contracts/okhttp/okhttp_origin_latest_survivors.json:200,6791373816438f5e9417ad1b008f41069928ae75844b1db312172a6bfb2620f8
http-noncommon-0244,okhttp,okhttp:3.3.0:cache_entry_evicted_while_updating_does_not_corrupt_cache,cache_entry_evicted_while_updating_does_not_corrupt_cache,http.cache.evict-while-update,exact_version_and_name,true,2,1,1,corrupt_cache_entry_on_evict_while_update,false,contracts/okhttp/okhttp_origin_latest_survivors.json:201,7108da6e92d5740510d7b11aa084f2c058f518c2617c45eb29d90a2288055c9e
http-noncommon-0245,okhttp,okhttp:3.3.0:http2_refused_stream_is_recovered,http2_refused_stream_is_recovered,http2.refused-stream-recovery,exact_version_and_name,true,1,1,2,do_not_retry_refused_stream,false,contracts/okhttp/okhttp_origin_latest_survivors.json:202,e550499b86645c869e8e5a0f7e23b6d9d26b31c48cd9e69aa523a9d08326dc08
http-noncommon-0246,okhttp,okhttp:3.3.0:tunneling_proxy_auth_close_is_recovered,tunneling_proxy_auth_close_is_recovered,http.proxy.tunnel-auth-close-recovery,exact_version_and_name,true,2,1,2,fail_after_proxy_auth_challenge_closes_tunnel,false,contracts/okhttp/okhttp_origin_latest_survivors.json:203,d14f4a0099c974966db4889ef9ea13f41ec0cea29d950568067e6dbd8a510cf9
http-noncommon-0247,okhttp,okhttp:3.3.0:proxy_authenticator_handles_proxy_challenges,proxy_authenticator_handles_proxy_challenges,http.proxy.authenticator-selection,exact_version_and_name,true,3,1,1,use_origin_authenticator_for_proxy_challenge,false,contracts/okhttp/okhttp_origin_latest_survivors.json:204,a2c5894d22b137b9ca39cbc1db6a363263f7cec125b3fbfdc7592ac4b510cf1d
http-noncommon-0248,okhttp,okhttp:3.3.0:network_interceptor_body_transform_must_close_underlying_stream,network_interceptor_body_transform_must_close_underlying_stream,http.interceptor.response-body-close-contract,exact_version_and_name,true,1,1,1,reuse_connection_with_unclosed_upstream_body,false,contracts/okhttp/okhttp_origin_latest_survivors.json:205,6f83785cdf3f83fec905683aaa65a235ec6b2f29c0d7b8995d91bf715235e384
http-noncommon-0249,okhttp,okhttp:3.3.0:network_interceptor_can_access_connection,network_interceptor_can_access_connection,http.interceptor.connection-access,exact_version_and_name,true,1,1,1,hide_connection_from_network_interceptor,false,contracts/okhttp/okhttp_origin_latest_survivors.json:206,2f7042ea2d592810bff5ec301c8c932e56173994e836bae056b99207b5348622
http-noncommon-0250,okhttp,okhttp:3.2.0:sha256_certificate_pins_are_supported,sha256_certificate_pins_are_supported,tls.certificate-pinning-sha256,exact_version_and_name,true,2,1,1,reject_sha256_certificate_pin,false,contracts/okhttp/okhttp_origin_latest_survivors.json:208,435182847860a6ebc6b7e646145c5f80e97640def6e8355e3005d32faba8a08b
http-noncommon-0251,okhttp,okhttp:3.1.2:no_pins_skips_certificate_chain_sanitization,no_pins_skips_certificate_chain_sanitization,tls.certificate-pinning-no-pins,exact_version_and_name,true,3,1,1,sanitize_chain_even_when_no_pins,false,contracts/okhttp/okhttp_origin_latest_survivors.json:209,3412aa9c6d69c96a43a1aed0f7666a752a7eeea90f081017744e64164d285451
http-noncommon-0252,okhttp,okhttp:3.1.0:unknown_http2_settings_are_ignored,unknown_http2_settings_are_ignored,http2.settings.unknown-ignored,exact_version_and_name,true,1,1,2,fail_connection_on_unknown_http2_setting,false,contracts/okhttp/okhttp_origin_latest_survivors.json:211,0011789f5214a6a7b6d5689a84dd309b227140b1b5c1f1815066ef694f0cf2ec
http-noncommon-0253,okhttp,okhttp:3.1.0:logging_interceptor_handles_unexpected_charset,logging_interceptor_handles_unexpected_charset,http.logging.unexpected-charset,exact_version_and_name,true,1,1,1,crash_on_unexpected_logging_charset,false,contracts/okhttp/okhttp_origin_latest_survivors.json:212,fdd84ffc28e7d5fe1f443583fb774c8a4169e3cf1bbbdf09f5b161d441b41fa9
http-noncommon-0254,okhttp,okhttp:3.0.0:java_net_cookie_jar_handles_multiple_cookies,java_net_cookie_jar_handles_multiple_cookies,http.cookie.java-net-multiple-cookies,exact_version_and_name,true,1,1,2,drop_one_cookie_in_java_net_cookie_jar,false,contracts/okhttp/okhttp_origin_latest_survivors.json:213,5c47f779e1630cfd0b1f9fccd05e1009e64a8a16913a7a42dcde63745723709a
http-noncommon-0255,okhttp,okhttp:3.0.0:logging_interceptor_uses_request_body_charset,logging_interceptor_uses_request_body_charset,http.logging.request-body-charset,exact_version_and_name,true,1,1,1,decode_logged_request_body_as_utf8_only,false,contracts/okhttp/okhttp_origin_latest_survivors.json:214,38970d6929f9bdad9cdc1e0e498428085669cc42a146ef10815d33e192084d88
http-noncommon-0256,okhttp,okhttp:3.0.0:cache_hit_does_not_eagerly_release_pool,cache_hit_does_not_eagerly_release_pool,http.cache.pool-lifecycle-on-hit,exact_version_and_name,true,2,1,1,release_pool_on_cache_hit,false,contracts/okhttp/okhttp_origin_latest_survivors.json:215,9e3da1d582fab362baf8e5b49e85f72667063539a29948eb8f777919a0c5714c
http-noncommon-0257,okhttp,okhttp:3.0.0-RC1:http_url_to_uri_allows_special_url_characters,http_url_to_uri_allows_special_url_characters,http.url.uri-conversion-robustness,exact_version_and_name,true,1,1,2,throw_on_uri_conversion_special_chars,false,contracts/okhttp/okhttp_origin_latest_survivors.json:216,d277ed2190cbb3e703611bdf71f95c8931c4e0ef55d0e179965b2cc58ebb0e35
http-noncommon-0258,okhttp,okhttp:2.7.2:cache_hit_stream_allocation_survives_redirect,cache_hit_stream_allocation_survives_redirect,http.cache.redirect-lifecycle,exact_version_and_name,true,2,1,1,release_cached_stream_allocation_before_redirect,false,contracts/okhttp/okhttp_origin_latest_survivors.json:219,0d5bf1c09830975917cb256461b47f9fcd570e79049858ca4107cb5d7f150aaf
http-noncommon-0259,okhttp,okhttp:2.7.1:new_connections_skip_health_check,new_connections_skip_health_check,http.connection.health-check,exact_version_and_name,true,1,1,2,health_check_fresh_connection,false,contracts/okhttp/okhttp_origin_latest_survivors.json:220,77220db6eea56105afed7102d24c9563adedcb83075788f844d18b69f1e5ce36
http-noncommon-0260,okhttp,okhttp:2.7.0:socks_proxy_uses_remote_dns,socks_proxy_uses_remote_dns,http.proxy.socks-remote-dns,exact_version_and_name,true,1,1,1,resolve_socks_target_locally,false,contracts/okhttp/okhttp_origin_latest_survivors.json:221,4b06f8e7063f97f6e7e394da5e0671c05720aae055aea57df9af875692c67dde
http-noncommon-0261,okhttp,okhttp:2.7.0:logging_interceptor_handles_no_content_responses,logging_interceptor_handles_no_content_responses,http.logging.no-content-response,exact_version_and_name,true,1,1,2,attempt_to_log_absent_no_content_body,false,contracts/okhttp/okhttp_origin_latest_survivors.json:222,c6534641d61825dbedc2d2e4d218bcac3c5bb72f7b9cabd9319c54ad48c75fd6
http-noncommon-0262,okhttp,okhttp:2.6.0:websocket_io_error_requires_close_callback,websocket_io_error_requires_close_callback,websocket.io-error-close-contract,exact_version_and_name,true,1,1,2,silently_swallow_websocket_io_error,false,contracts/okhttp/okhttp_origin_latest_survivors.json:225,57e2efda9e017eff8538645e21b1ee0f68fc950bc200beb8e3998e50a58b9b13
http-noncommon-0263,okhttp,okhttp:2.6.0:http2_request_headers_are_not_spdy_concatenated,http2_request_headers_are_not_spdy_concatenated,http2.headers.repeated-values,exact_version_and_name,true,1,1,2,use_spdy3_nul_header_concatenation_for_http2,false,contracts/okhttp/okhttp_origin_latest_survivors.json:226,f20f0cdc77694aa6c6d0c7ff0f874904aaeacdfb718b1b4c755018d2effb094e
http-noncommon-0264,okhttp,okhttp:2.6.0:interceptors_can_change_request_method,interceptors_can_change_request_method,http.interceptor.method-mutation,exact_version_and_name,true,2,1,1,ignore_interceptor_method_mutation,false,contracts/okhttp/okhttp_origin_latest_survivors.json:228,6872147c34cd16da7eccd9f4bfd560d8e9802242e4c4fa970a8d7c96e4d89c47
http-noncommon-0265,okhttp,okhttp:2.6.0:url_scheme_may_contain_digits,url_scheme_may_contain_digits,http.url.scheme-validation,exact_version_and_name,true,1,1,1,reject_scheme_digits,false,contracts/okhttp/okhttp_origin_latest_survivors.json:230,40a22cd89da701c9301aac0a90498bde359a99d8601d3bddc429cc9f27f8a629
http-noncommon-0266,okhttp,okhttp:2.6.0:connection_timeout_recovery_continues_routes,connection_timeout_recovery_continues_routes,http.connection.route-recovery,exact_version_and_name,true,1,1,2,stop_after_first_connect_timeout,false,contracts/okhttp/okhttp_origin_latest_survivors.json:231,bfbd50389a968298daeab6faf71b7a0d19a0701af8de5cbbba6362370ebc2449
http-noncommon-0267,okhttp,okhttp:2.6.0:preconnect_interceptor_ioexception_fails_cleanly,preconnect_interceptor_ioexception_fails_cleanly,http.interceptor.preconnect-ioexception,exact_version_and_name,true,1,1,2,crash_on_preconnect_interceptor_ioexception,false,contracts/okhttp/okhttp_origin_latest_survivors.json:235,6b1b1ceed84caef1932f4e65e529f44e68c45a4817c4c7c5636329b450869df6
http-noncommon-0268,okhttp,okhttp:2.6.0:websocket_frames_are_buffered,websocket_frames_are_buffered,websocket.frame-buffering,exact_version_and_name,true,1,1,2,flush_every_websocket_byte,false,contracts/okhttp/okhttp_origin_latest_survivors.json:237,6e906a11b372d84a200bf8ee569da7f222b6eff5235e0132df1fad85400d49b0
http-noncommon-0269,okhttp,okhttp:2.6.0:dss_cipher_suite_is_not_offered_by_default,dss_cipher_suite_is_not_offered_by_default,tls.cipher-defaults-no-dss,exact_version_and_name,true,1,1,1,offer_deprecated_dss_cipher_suite_by_default,false,contracts/okhttp/okhttp_origin_latest_survivors.json:238,58b393616a548135d28c9602632ac01a94b3d66ddb2ab32c951d58722bc7a42d
http-noncommon-0270,okhttp,okhttp:2.5.0:cache_can_be_initialized_eagerly,cache_can_be_initialized_eagerly,http.cache.eager-initialize,exact_version_and_name,true,1,1,2,defer_or_fail_cache_initialization,false,contracts/okhttp/okhttp_origin_latest_survivors.json:239,8b235aab6878e41b7356be14d864feb5a19a9f6fdcf0f53269952a7d849da394
http-noncommon-0271,okhttp,okhttp:2.5.0:timeout_errors_use_socket_timeout_taxonomy,timeout_errors_use_socket_timeout_taxonomy,http.timeout.error-taxonomy-socket-timeout,exact_version_and_name,true,1,1,1,throw_generic_interrupted_io_on_timeout,false,contracts/okhttp/okhttp_origin_latest_survivors.json:240,10299ea83ea20caee7123f3628ca6bcb158bb385b546422137f3cc2958eb80da
http-noncommon-0272,okhttp,okhttp:2.5.0:http2_write_failure_keeps_connection_state_consistent,http2_write_failure_keeps_connection_state_consistent,http2.write-failure-state,exact_version_and_name,true,1,1,2,leave_http2_state_inconsistent_after_write_failure,false,contracts/okhttp/okhttp_origin_latest_survivors.json:242,2ea519800d3f0e47975100df5e4cdb72862e85903c6ed2b355190192724bd947
http-noncommon-0273,okhttp,okhttp:2.4.0-RC1:connection_spec_reports_socket_compatibility,connection_spec_reports_socket_compatibility,tls.connection-spec-compatibility,exact_version_and_name,true,2,1,1,report_compatible_tls_socket_as_incompatible,false,contracts/okhttp/okhttp_origin_latest_survivors.json:243,323e6123ca5fcd0a1abd4fbc6b51b42fa89fadc23e3d6832dce2f179f5c8d8d9
http-noncommon-0274,okhttp,okhttp:2.4.0-RC1:dispatcher_counts_queued_and_running_calls,dispatcher_counts_queued_and_running_calls,http.dispatcher.call-counts,exact_version_and_name,true,2,1,2,misreport_dispatcher_call_counts,false,contracts/okhttp/okhttp_origin_latest_survivors.json:244,54af5ad112edc11c1e4be47889aa73975bc1d4f3b5bc04a5e1de7a9e7976c620
http-noncommon-0275,okhttp,okhttp:2.4.0-RC1:pooled_connection_timeouts_are_not_shared,pooled_connection_timeouts_are_not_shared,http.connection.pooled-timeout-isolation,exact_version_and_name,true,3,1,1,reuse_previous_call_timeout_on_pooled_connection,false,contracts/okhttp/okhttp_origin_latest_survivors.json:245,6fc8c7392651de669333bc96a689ac8669829e845a6fd26a7da8376abfc9e4f0
http-noncommon-0276,okhttp,okhttp:2.4.0-RC1:websocket_close_frames_are_handled,websocket_close_frames_are_handled,websocket.close-frame-handling,exact_version_and_name,true,1,1,2,mishandle_websocket_close_frame,false,contracts/okhttp/okhttp_origin_latest_survivors.json:247,ce28e84aca32e8442a8a19acf54fa487e43038692daad86a53c19b1205e36365
http-noncommon-0277,okhttp,okhttp:2.4.0-RC1:cache_vary_headers_preserved_in_android_http_cache,cache_vary_headers_preserved_in_android_http_cache,http.cache.vary-header-preservation,exact_version_and_name,true,1,1,1,drop_vary_header_in_platform_cache,false,contracts/okhttp/okhttp_origin_latest_survivors.json:248,329e05c7280384b9b76a507ec48649a8465003734945d31db25e3b38278fe2ef
http-noncommon-0278,okhttp,okhttp:2.4.0-RC1:http2_write_timeout_is_enforced,http2_write_timeout_is_enforced,http2.timeout.write-enforcement,exact_version_and_name,true,1,1,2,ignore_http2_write_timeout,false,contracts/okhttp/okhttp_origin_latest_survivors.json:249,2f5eaa207d023a44d11cf8fed2bce66a9b45343b4fde2795b57e41122b7c0dfe
http-noncommon-0279,okhttp,okhttp:2.4.0-RC1:call_proceed_never_returns_null_after_cancel,call_proceed_never_returns_null_after_cancel,http.interceptor.proceed-non-null,exact_version_and_name,true,1,1,1,return_null_from_call_proceed,false,contracts/okhttp/okhttp_origin_latest_survivors.json:250,c4bada51640d55527f6763632e13a45de638ae4de2943f6893e1aadbb7f43ad9
http-noncommon-0280,okhttp,okhttp:2.4.0-RC1:network_interceptor_mutation_reaches_server,network_interceptor_mutation_reaches_server,http.interceptor.request-mutation,exact_version_and_name,true,1,1,1,ignore_network_interceptor_request_mutation,false,contracts/okhttp/okhttp_origin_latest_survivors.json:251,bc4ab12799fa19dabe80f036bf330a53cfbe493d8b7ac95d85d87a75f7a29609
http-noncommon-0281,okhttp,okhttp:2.4.0-RC1:bad_cache_throws_checked_error,bad_cache_throws_checked_error,http.cache.error-taxonomy,exact_version_and_name,true,1,1,1,surface_unchecked_cache_exception,false,contracts/okhttp/okhttp_origin_latest_survivors.json:252,64eee2d197eb51c9c3eb4be8d65d10b14d8bcab9db7ea5cf3d208f568f8f128b
http-noncommon-0282,okhttp,okhttp:2.3.0:async_dispatcher_parallelism_is_preserved,async_dispatcher_parallelism_is_preserved,http.dispatcher.parallelism,exact_version_and_name,true,2,1,1,serialize_async_requests_unnecessarily,false,contracts/okhttp/okhttp_origin_latest_survivors.json:253,ac36693f44d4a656b427b2ca707ae01888c9a3e274cd08403b89d5911524909d
http-noncommon-0283,okhttp,okhttp:2.3.0:response_cache_initializes_lazily,response_cache_initializes_lazily,http.cache.lazy-initialize,exact_version_and_name,true,1,1,1,initialize_cache_during_client_build,false,contracts/okhttp/okhttp_origin_latest_survivors.json:254,e336199c1d07c9f3f47ce896cb366b7ec1076ffa5c9347a30b7d40f6d230bfe7
http-noncommon-0284,okhttp,okhttp:2.3.0:if_none_match_and_if_modified_since_not_both_sent,if_none_match_and_if_modified_since_not_both_sent,http.cache.conditional-header-precedence,exact_version_and_name,true,1,1,2,send_both_conditional_cache_headers,false,contracts/okhttp/okhttp_origin_latest_survivors.json:255,a52e66c582520f92401c980c38d736faad5059bc72df828304347a65e97773e4
http-noncommon-0285,okhttp,okhttp:2.3.0:cleartext_forbidden_fails_with_unknown_service,cleartext_forbidden_fails_with_unknown_service,http.cleartext-policy,exact_version_and_name,true,1,1,2,attempt_cleartext_when_forbidden,false,contracts/okhttp/okhttp_origin_latest_survivors.json:258,c024d96d410b2f2621b51b0f555a8c1c93a35c9a347cc5b931cac4d695841db7
http-noncommon-0286,okhttp,okhttp:2.3.0:http2_outgoing_frames_are_buffered,http2_outgoing_frames_are_buffered,http2.frame-buffering,exact_version_and_name,true,1,1,1,flush_each_http2_chunk_as_frame,false,contracts/okhttp/okhttp_origin_latest_survivors.json:259,ef5f1e39cb8110f86f64f2fc3d2a0702e0dc651d20361f1db62873e3fe1660c4
http-noncommon-0287,okhttp,okhttp:2.3.0:cache_private_responses_are_handled,cache_private_responses_are_handled,http.cache.private-response,exact_version_and_name,true,1,1,2,do_not_cache_private_responses_in_private_cache,false,contracts/okhttp/okhttp_origin_latest_survivors.json:261,ffe229ff27983c4b4a3ddac269a79c98567b46c86cef82ae5c9054788193ee6f
http-noncommon-0288,okhttp,okhttp:2.3.0:cache_default_response_codes_are_cached,cache_default_response_codes_are_cached,http.cache.default-cacheable-status,exact_version_and_name,true,1,1,1,omit_default_cacheable_status,false,contracts/okhttp/okhttp_origin_latest_survivors.json:262,5d1b87fc8b4b326dc78e951211ed3f4acb6fa68a4927b2a84edeff0515dec801
http-noncommon-0289,okhttp,okhttp:2.3.0:request_builder_reuse_does_not_keep_stale_url_fields,request_builder_reuse_does_not_keep_stale_url_fields,http.request.builder-url-reset,exact_version_and_name,true,1,1,1,retain_stale_url_fields_in_reused_builder,false,contracts/okhttp/okhttp_origin_latest_survivors.json:263,0739950eef31504c20d8a657cc245d9df40459f9d1c1ac276eff9fc60967d653
http-noncommon-0290,okhttp,okhttp:2.3.0:connection_spec_can_use_socket_default_cipher_suites,connection_spec_can_use_socket_default_cipher_suites,tls.connection-spec-default-ciphers,exact_version_and_name,true,2,1,1,replace_socket_default_cipher_suites,false,contracts/okhttp/okhttp_origin_latest_survivors.json:264,72407eaee57ec5234e3a617857fabd02aebbcc5d86e7c9e383ad16a5da21bfbe
http-noncommon-0291,okhttp,okhttp:2.2.0:tls_fallback_scsv_is_sent_on_fallback,tls_fallback_scsv_is_sent_on_fallback,tls.fallback-scsv,exact_version_and_name,true,2,1,1,omit_tls_fallback_scsv,false,contracts/okhttp/okhttp_origin_latest_survivors.json:265,1b8dee4dd8f19aac1f799c35c19515ab5194231dba7bd8cab9594072a50decf9
http-noncommon-0292,okhttp,okhttp:2.2.0:connect_handling_tolerates_misbehaving_proxies,connect_handling_tolerates_misbehaving_proxies,http.proxy.connect-robustness,exact_version_and_name,true,1,1,1,crash_on_misbehaving_connect_proxy,false,contracts/okhttp/okhttp_origin_latest_survivors.json:267,d0539bbae639de11b1981d1ef197432309060423eb1b0c2eb3f2bbf397c8b665
http-noncommon-0293,okhttp,okhttp:2.2.0:cache_302_and_308_with_freshness_headers,cache_302_and_308_with_freshness_headers,http.cache.redirect-status-freshness,exact_version_and_name,true,1,1,1,do_not_cache_fresh_302_or_308,false,contracts/okhttp/okhttp_origin_latest_survivors.json:269,6e316b022654f365b092ca388274ff3aefe446be90ea06989c0ad0cfc8bb49d1
http-noncommon-0294,okhttp,okhttp:2.2.0:proxy_selector_connections_pool_correctly,proxy_selector_connections_pool_correctly,http.proxy.selector-connection-pooling,exact_version_and_name,true,1,1,1,avoid_pooling_proxy_selector_connections,false,contracts/okhttp/okhttp_origin_latest_survivors.json:270,b61afd458e6af3197a4e158823e36893354d76946fa8c1eae8d05208b1bb0543
http-noncommon-0295,okhttp,okhttp:2.2.0:alpn_desktop_connections_do_not_leak,alpn_desktop_connections_do_not_leak,tls.alpn.connection-leak,exact_version_and_name,true,2,1,1,leak_connection_after_alpn_desktop_call,false,contracts/okhttp/okhttp_origin_latest_survivors.json:271,1be4d9bd08f8940a495b5802b723ed9ba91c462b4239ace0d2636c411ae185d9
http-noncommon-0296,okhttp,okhttp:2.2.0:resumed_tls_session_uses_correct_protocol,resumed_tls_session_uses_correct_protocol,tls.alpn.resumed-session-protocol,exact_version_and_name,true,2,1,1,select_wrong_protocol_on_resumed_tls_session,false,contracts/okhttp/okhttp_origin_latest_survivors.json:272,efc425d11a8d0b71220c194ed701a4c90613984f6626f8ba7846a12418ebcdbb
http-noncommon-0297,okhttp,okhttp:2.2.0:disconnect_before_connecting_http2_does_not_crash,disconnect_before_connecting_http2_does_not_crash,http2.disconnect-before-connect,exact_version_and_name,true,1,1,2,crash_on_http2_disconnect_before_connect,false,contracts/okhttp/okhttp_origin_latest_survivors.json:273,3a1e4527bfe46a2bc6ef67adcd955bea0dba03c2cca9d9b597abd5d4f8220a37
http-noncommon-0298,okhttp,okhttp:2.2.0:numeric_proxy_address_skips_reverse_dns,numeric_proxy_address_skips_reverse_dns,http.proxy.numeric-address-no-reverse-dns,exact_version_and_name,true,2,1,1,reverse_lookup_numeric_proxy_address,false,contracts/okhttp/okhttp_origin_latest_survivors.json:274,4f746d9552086b0e827ed1097473b2b10d25b3f3232cfa30f966edac8d58ca87
http-noncommon-0299,okhttp,okhttp:2.1.0-RC1:canceled_async_call_still_gets_callback,canceled_async_call_still_gets_callback,http.call.cancel-callback,exact_version_and_name,true,2,1,1,skip_callback_for_canceled_call,false,contracts/okhttp/okhttp_origin_latest_survivors.json:276,212575c2b8eac8b6ea1a252ad4c126f06480742559e1f2b21ca2f291108b1c3a
http-noncommon-0300,okhttp,okhttp:2.1.0-RC1:direct_connections_use_configured_socket_factory,direct_connections_use_configured_socket_factory,http.connection.socket-factory-direct,exact_version_and_name,true,2,1,1,bypass_socket_factory_for_direct_connections,false,contracts/okhttp/okhttp_origin_latest_survivors.json:277,760ee8a1906b20a83f92f025178417097510aae647f1d0cdeef69e0b8627df8f
http-noncommon-0301,okhttp,okhttp:2.1.0-RC1:spdy_settings_concurrent_modification_does_not_crash,spdy_settings_concurrent_modification_does_not_crash,http2.settings.concurrent-modification,exact_version_and_name,true,1,1,1,crash_on_concurrent_spdy_settings_mutation,false,contracts/okhttp/okhttp_origin_latest_survivors.json:279,c9dac918f2eb6224983e5c353d92eea499eb49a4522187e9d4037d4745c82edd
http-noncommon-0302,okhttp,okhttp:2.0.0:cache_stores_rewritten_request_headers,cache_stores_rewritten_request_headers,http.cache.rewritten-request-headers,exact_version_and_name,true,2,1,1,omit_rewritten_request_headers_from_cache,false,contracts/okhttp/okhttp_origin_latest_survivors.json:280,fa1daf38b8c650fa19ac2708bd4ea248770186501ea7b724c2639ba9523bb0de
http-noncommon-0303,okhttp,okhttp:2.0.0-RC2:hpack_large_header_block_uses_continuation_frames,hpack_large_header_block_uses_continuation_frames,http2.headers.continuation-frames,exact_version_and_name,true,1,1,1,omit_continuation_frames_for_large_hpack_block,false,contracts/okhttp/okhttp_origin_latest_survivors.json:284,6959436961c6371d0542bd90261637b3a35b9660cfa3b172a2e20e15d11f5a33
http-noncommon-0304,okhttp,okhttp:2.0.0-RC2:async_uncaught_exceptions_are_delivered,async_uncaught_exceptions_are_delivered,http.call.async-uncaught-exception,exact_version_and_name,true,2,1,1,swallow_async_uncaught_exception,false,contracts/okhttp/okhttp_origin_latest_survivors.json:285,ab6c5d44b6e4e3bcff35953344c49f135595f5b9f0a4d6ad7f6aeddef347911d
http-noncommon-0305,okhttp,okhttp:2.0.0-RC2:illegal_request_body_fails_at_build_time,illegal_request_body_fails_at_build_time,http.request.body-legality-validation,exact_version_and_name,true,1,1,2,defer_illegal_request_body_until_execution,false,contracts/okhttp/okhttp_origin_latest_survivors.json:286,0a775bc7599e37287a7f01e573159a68cc0a429b39fd7aa1785ad15c8aa54a0b
http-noncommon-0306,okhttp,okhttp:2.0.0-RC2:response_body_can_be_read_after_callback_returns,response_body_can_be_read_after_callback_returns,http.response.body-lifetime-after-callback,exact_version_and_name,true,2,1,1,close_body_when_callback_returns,false,contracts/okhttp/okhttp_origin_latest_survivors.json:287,45ef5d194884e249c46a18c13f5538c3e916ab364aa29077fe9a90ac76c7d4bb
http-noncommon-0307,okhttp,okhttp:1.5.0:spdy_premature_body_close_still_caches_response,spdy_premature_body_close_still_caches_response,http.cache.spdy-premature-close,exact_version_and_name,true,1,1,1,drop_spdy_cache_entry_on_premature_close,false,contracts/okhttp/okhttp_origin_latest_survivors.json:291,cd9af337e625736e56334b76beb3ba389abb15ebd9445d11d089d1a7df721655
http-noncommon-0308,okhttp,okhttp:1.5.0:strict_abort_timeout_is_used,strict_abort_timeout_is_used,http.timeout.abort,exact_version_and_name,true,1,1,1,use_lenient_timeout_when_aborting,false,contracts/okhttp/okhttp_origin_latest_survivors.json:292,614efbcb1511f390dd7431d7ae63688fbe04f1802edde37ff48134df2662fe22
http-noncommon-0309,okhttp,okhttp:1.5.0:shoutcast_icy_response_is_supported,shoutcast_icy_response_is_supported,http.response.icy-status-line,exact_version_and_name,true,1,1,2,reject_icy_status_line,false,contracts/okhttp/okhttp_origin_latest_survivors.json:293,b9ae672837e701252dd31e1122fbe628ec564920d7a15703fc7edb208b72c18d
http-noncommon-0310,okhttp,okhttp:1.5.0:gzip_streams_are_exhausted_on_close,gzip_streams_are_exhausted_on_close,http.response.gzip-lifecycle,exact_version_and_name,true,1,2,1,do_not_exhaust_gzip_stream_on_close,false,contracts/okhttp/okhttp_origin_latest_survivors.json:294,c5eaded0b3a737cc413884cf2d1a8a28c612bf69743abae9deaaf4141d83fc48
http-noncommon-0311,okhttp,okhttp:1.5.0:invalid_hosts_do_not_trigger_dns_lookup,invalid_hosts_do_not_trigger_dns_lookup,http.dns.invalid-host-bypass,exact_version_and_name,true,2,1,1,resolve_invalid_hostname,false,contracts/okhttp/okhttp_origin_latest_survivors.json:295,2d1d33be46c2c512885458b1bdfb9397dd3e5b8149568fad4067a418f4a46e06
http-noncommon-0312,okhttp,okhttp:1.3.0:cache_control_header_accepts_semicolon_separator,cache_control_header_accepts_semicolon_separator,http.cache-control.semicolon-separator,exact_version_and_name,true,1,1,2,ignore_semicolon_cache_control_separator,false,contracts/okhttp/okhttp_origin_latest_survivors.json:298,aa4375e170185d79830748b9bf5ce801c98c49d3695f735320fb620286bb79f6
http-noncommon-0313,okhttp,okhttp:1.3.0:https_post_streaming_is_not_always_buffered,https_post_streaming_is_not_always_buffered,https.request.streaming-upload,exact_version_and_name,true,1,1,1,buffer_https_post_before_send,false,contracts/okhttp/okhttp_origin_latest_survivors.json:299,9a8f0d337c0850d9c4f320d38c4691308bd4a273a309708d67e1bcb4c1be7bf1
http-noncommon-0314,okhttp,okhttp:1.3.0:spdy_header_read_timeout_is_honored,spdy_header_read_timeout_is_honored,http2.timeout.header-read,exact_version_and_name,true,1,1,2,ignore_spdy_header_read_timeout,false,contracts/okhttp/okhttp_origin_latest_survivors.json:300,e915166e2466ca2b121e3ce15ac1a632331dc1f59608264f8a16719f7416ebe2
http-noncommon-0315,okhttp,okhttp:1.2.1:spdy_empty_header_values_are_preserved,spdy_empty_header_values_are_preserved,http2.headers.empty-values,exact_version_and_name,true,1,1,1,drop_empty_header_values,false,contracts/okhttp/okhttp_origin_latest_survivors.json:301,c6c7186d2fa58f4971d37d79443dd20e08b93ecce5eec97e861943d0b9d134fb
http-noncommon-0316,okhttp,okhttp:1.1.1:https_redirect_cache_classcast_does_not_crash,https_redirect_cache_classcast_does_not_crash,http.cache.http-to-https-redirect,exact_version_and_name,true,1,1,1,classcast_on_caching_http_to_https_redirect,false,contracts/okhttp/okhttp_origin_latest_survivors.json:302,532b56048e5a4c9e2c8775d1982f09ee3131b8c13bf2101b124d12f0dce85eb6
http-noncommon-0317,okhttp,okhttp:1.1.0:https_hostname_verifier_selection_allows_reuse,https_hostname_verifier_selection_allows_reuse,tls.hostname-verifier-connection-reuse,exact_version_and_name,true,1,1,1,select_hostname_verifier_that_blocks_reuse,false,contracts/okhttp/okhttp_origin_latest_survivors.json:303,ebaa1a37ae274faa89367ba6026fa03b102d40482120130d97c34c8d6992f088
http-noncommon-0318,okhttp,okhttp:1.1.0:null_header_values_are_ignored,null_header_values_are_ignored,http.headers.null-values-ignored,exact_version_and_name,true,1,1,2,send_or_crash_on_null_header_value,false,contracts/okhttp/okhttp_origin_latest_survivors.json:304,2339618edd0f25334a393bfd58278b3da51114f15995a2177e3884a7b8eb7977
http-noncommon-0319,axios,abort_reason_is_preserved,abort_reason_is_preserved,http.cancel.abort-reason-preservation,name_with_identical_release_definitions,true,1,1,2,replace_abort_reason_with_generic_error,false,contracts/axios/axios_origin_excluding_merged_common.rpl:130,a4a727ac5cf10eb6ffaa93ee813077b154349a906f2b5552017b2c647f5d60b1
http-noncommon-0320,axios,allow_absolute_urls_false_combines_absolute_request_url,allow_absolute_urls_false_combines_absolute_request_url,http.url.allow-absolute-urls-false,name_with_identical_release_definitions,true,3,1,1,let_absolute_url_override_base_url,false,contracts/axios/axios_origin_excluding_merged_common.rpl:425,148ae05e3d201fc74d8929f9f0c8fef2c0bd5af9fad79d92b92da8d3b5519422
http-noncommon-0321,axios,base_url_combination_deduplicates_trailing_slashes,base_url_combination_deduplicates_trailing_slashes,http.url.base-url-slash-deduplication,name_with_identical_release_definitions,true,1,1,1,preserve_duplicate_join_slashes,true,contracts/axios/axios_origin_excluding_merged_common.rpl:150,c8dc8b8032981999122817229abc97d58c1ebd6d33aa638bef6f71c0f9bca330
http-noncommon-0322,axios,blank_header_names_are_skipped,blank_header_names_are_skipped,http.headers.blank-name-skipped,name_with_identical_release_definitions,true,1,1,2,throw_on_blank_header_name,true,contracts/axios/axios_origin_excluding_merged_common.rpl:1164,9720d74399a54918bd208f91e1064cf53811f360b3e6f019682f1d275a08bd9a
http-noncommon-0323,axios,cancel_error_includes_config,cancel_error_includes_config,http.cancel.error-includes-config,name_with_identical_release_definitions,true,2,1,1,omit_config_from_canceled_error,false,contracts/axios/axios_origin_excluding_merged_common.rpl:390,3323d24cb7cf94618a7cab869d3e6ad90c900416773cb89c90985290989c5c13
http-noncommon-0324,axios,custom_fetch_env_is_used_by_fetch_adapter,custom_fetch_env_is_used_by_fetch_adapter,http.adapter.fetch-env-config,name_with_identical_release_definitions,true,1,1,2,ignore_fetch_env_config,false,contracts/axios/axios_origin_excluding_merged_common.rpl:801,4f52bf0c0bb7f5db655b6e81932c269a6bbd908672033964203ed6736c498457
http-noncommon-0325,axios,custom_timeout_error_message_is_used,custom_timeout_error_message_is_used,http.timeout.custom-error-message,name_with_identical_release_definitions,true,2,1,1,ignore_custom_timeout_error_message,false,contracts/axios/axios_origin_excluding_merged_common.rpl:159,79518c14b667b34d9bfee768f29b59494e443bac3c9162c012d5ed442c2111c2
http-noncommon-0326,axios,data_url_max_content_length_is_enforced,data_url_max_content_length_is_enforced,http.response.data-url-max-content-length,name_with_identical_release_definitions,true,1,1,1,underestimate_data_url_size,false,contracts/axios/axios_origin_excluding_merged_common.rpl:815,b7d290b303f3ef7611400b89e334b11d5d256795a03f39460c8613dc61863d70
http-noncommon-0327,axios,econnrefused_error_constant_is_exposed,econnrefused_error_constant_is_exposed,http.error.econnrefused-constant,name_with_identical_release_definitions,true,1,1,1,compare_to_missing_econnrefused_constant,false,contracts/axios/axios_origin_excluding_merged_common.rpl:976,fcec2c81fcb28c086cd71eccb1ebe1e543147b737ed461106807d8137bd1ca04
http-noncommon-0328,axios,fetch_adapter_enforces_max_body_length,fetch_adapter_enforces_max_body_length,http.request.fetch-max-body-length,name_with_identical_release_definitions,true,2,1,1,ignore_fetch_max_body_length,false,contracts/axios/axios_origin_excluding_merged_common.rpl:985,b38bdc8c1fa1054c8cda9c37bcdbd7ee3fe2007b417d8cf9d555158683792bf7
http-noncommon-0329,axios,fetch_adapter_uses_current_global_fetch,fetch_adapter_uses_current_global_fetch,http.adapter.fetch-current-global,name_with_identical_release_definitions,true,1,1,1,cache_global_fetch_at_import_time,false,contracts/axios/axios_origin_excluding_merged_common.rpl:847,c1451ebbcfdc737ce1f26b75bee68572a86441339f2a8e106579693cd27fb4ba
http-noncommon-0330,axios,file_object_payload_is_supported_by_http_adapter,file_object_payload_is_supported_by_http_adapter,http.request.file-payload-node-adapter,name_with_identical_release_definitions,true,1,1,1,reject_file_payload_in_http_adapter,true,contracts/axios/axios_origin_excluding_merged_common.rpl:714,14b5477658455677274cf9d382cc524989b09bdd1f3c27f076533039d47fd067
http-noncommon-0331,axios,form_data_to_json_ignores_polluted_prototype,form_data_to_json_ignores_polluted_prototype,http.formdata.to-json-prototype-hardening,name_with_identical_release_definitions,true,2,1,1,copy_inherited_formdata_keys,false,contracts/axios/axios_origin_excluding_merged_common.rpl:1113,74efe539e909fe552162c5c6d0d8adb51b61fafa9c98bfbe96de7a183e841949
http-noncommon-0332,axios,form_data_to_json_preserves_literal_punctuation_keys,form_data_to_json_preserves_literal_punctuation_keys,http.formdata.to-json-literal-punctuation,name_with_identical_release_definitions,true,1,1,1,split_formdata_keys_on_punctuation,false,contracts/axios/axios_origin_excluding_merged_common.rpl:1256,5f38ae235da123b128f207bcc372e237b39e8a90c3818a2220fe32677ced3494
http-noncommon-0333,axios,get_set_cookie_returns_array,get_set_cookie_returns_array,http.headers.get-set-cookie-array,name_with_identical_release_definitions,true,1,1,1,return_joined_set_cookie_string,true,contracts/axios/axios_origin_excluding_merged_common.rpl:790,cb0c667e6f336addc455a1bb81c9abd440d59f7b2837b47d5a98d71d595cad00
http-noncommon-0334,axios,https_agent_tls_options_survive_http_connect_proxy,https_agent_tls_options_survive_http_connect_proxy,http.proxy.https-agent-tls-options-preserved,name_with_identical_release_definitions,true,2,1,2,drop_https_agent_options_inside_proxy_tunnel,false,contracts/axios/axios_origin_excluding_merged_common.rpl:1035,c62d8ceb44c4e9db51e146474b5a546b5399288480460b3ee5dd45ef3ae78794
http-noncommon-0335,axios,interceptor_manager_clear_removes_handlers,interceptor_manager_clear_removes_handlers,http.interceptor.clear-removes-handlers,name_with_identical_release_definitions,true,2,1,1,clear_leaves_interceptor_handler_installed,false,contracts/axios/axios_origin_excluding_merged_common.rpl:864,9bdc737504c8e52d4ec2f31a8928011cf3e18087bc0867710a10ad69f709c105
http-noncommon-0336,axios,json_parse_error_keeps_response,json_parse_error_keeps_response,http.response.json-parse-error-retains-response,name_with_identical_release_definitions,true,1,1,1,drop_response_from_json_parse_error,false,contracts/axios/axios_origin_excluding_merged_common.rpl:1005,31a359532bf668701c1a0762d5130117c88f1f8fa4b4b11da858b411976f1189
http-noncommon-0337,axios,json_parse_reviver_is_applied,json_parse_reviver_is_applied,http.response.json-parse-reviver,name_with_identical_release_definitions,true,1,1,1,ignore_json_parse_reviver,false,contracts/axios/axios_origin_excluding_merged_common.rpl:834,35778a0af7b260461ebd90e9e5e079d65033f515e0948e42508967f34fd1527d
http-noncommon-0338,axios,malformed_http_url_without_slashes_is_rejected,malformed_http_url_without_slashes_is_rejected,http.url.malformed-protocol-rejection,name_with_identical_release_definitions,true,1,1,1,accept_http_url_without_double_slash,true,contracts/axios/axios_origin_excluding_merged_common.rpl:649,adf1520d338652cc9814dbd5067fb29ca956769277a35676f5930d09d1b667a0
http-noncommon-0339,axios,max_body_length_enforced_when_redirects_disabled,max_body_length_enforced_when_redirects_disabled,http.request.max-body-length-without-redirects,name_with_identical_release_definitions,true,1,1,1,skip_max_body_length_when_redirects_disabled,false,contracts/axios/axios_origin_excluding_merged_common.rpl:908,174c6890865d6715c8dd5ded1e1a58013634840c13e9c0fea71445ba29a200e0
http-noncommon-0340,axios,max_content_length_destroys_oversized_stream,max_content_length_destroys_oversized_stream,http.response.max-content-length-destroys-stream,name_with_identical_release_definitions,true,1,1,2,accept_oversized_response_body,false,contracts/axios/axios_origin_excluding_merged_common.rpl:76,180e45db862fd12cf97182372890d8f50bd093f84665963e45996acca935651f
http-noncommon-0341,axios,no_proxy_canonicalizes_ipv4_shorthand,no_proxy_canonicalizes_ipv4_shorthand,http.proxy.no-proxy-ipv4-canonicalization,name_with_identical_release_definitions,true,3,1,1,match_no_proxy_before_ipv4_canonicalization,false,contracts/axios/axios_origin_excluding_merged_common.rpl:1275,97601b5017b710f7826c1d28359da100b0954dffdcf7f574dec457d0f649378b
http-noncommon-0342,axios,no_proxy_wildcard_bypasses_proxy,no_proxy_wildcard_bypasses_proxy,http.proxy.no-proxy-wildcard,name_with_identical_release_definitions,true,2,1,1,ignore_no_proxy_wildcard,true,contracts/axios/axios_origin_excluding_merged_common.rpl:109,f68c717623df340ac1ed4ae9edf44364da63ee85e4db9107d246c7d8ba05d7c3
http-noncommon-0343,axios,node_data_url_requests_are_supported,node_data_url_requests_are_supported,http.response.node-data-url-support,name_with_identical_release_definitions,true,1,1,1,reject_node_data_url,false,contracts/axios/axios_origin_excluding_merged_common.rpl:381,b65782daf638a2c19894628ed0142b02b5f97c2d3f683a8250dc6f679377c5f8
http-noncommon-0344,axios,object_payload_auto_serializes_to_urlencoded,object_payload_auto_serializes_to_urlencoded,http.request.auto-urlencoded-object-serialization,name_with_identical_release_definitions,true,1,1,1,send_object_as_json_despite_urlencoded_content_type,true,contracts/axios/axios_origin_excluding_merged_common.rpl:522,774dac7ff0f30bd42a2a418c617280daf196508600b937f53aedad69ccefbdb4
http-noncommon-0345,axios,params_serializer_callback_is_used,params_serializer_callback_is_used,http.url.params-serializer-callback,name_with_identical_release_definitions,true,1,1,1,ignore_params_serializer_callback,false,contracts/axios/axios_origin_excluding_merged_common.rpl:372,8302c0229444d66657b527dd9b8a0a0085a85698660f7a21dc2c8c2df0fef399
http-noncommon-0346,axios,redirect_strips_sensitive_headers_cross_origin,redirect_strips_sensitive_headers_cross_origin,http.redirect.cross-origin-sensitive-header-stripping,name_with_identical_release_definitions,true,2,1,1,forward_sensitive_headers_on_cross_origin_redirect,true,contracts/axios/axios_origin_excluding_merged_common.rpl:1176,88a0873de54f11e927a0f2af8d06d239376fbe7fe9ea8d878419be31514ebc4c
http-noncommon-0347,axios,response_encoding_latin1_decodes_bytes,response_encoding_latin1_decodes_bytes,http.response.response-encoding,name_with_identical_release_definitions,true,1,1,1,ignore_response_encoding,true,contracts/axios/axios_origin_excluding_merged_common.rpl:119,4b686cd0faf65b2d01ae904f3b98ca6503b0cd84edf7bee63755f23e587bff4d
http-noncommon-0348,axios,socket_path_allowlist_rejects_unlisted_path,socket_path_allowlist_rejects_unlisted_path,http.transport.socket-path-allowlist,name_with_identical_release_definitions,true,2,1,1,allow_unlisted_socket_path,false,contracts/axios/axios_origin_excluding_merged_common.rpl:460,54cafa2667acf55ab7141f3c84c57e352ab629fd29d9a6174d3ee44ddbe578e0
http-noncommon-0349,axios,streamed_response_max_content_length_is_enforced,streamed_response_max_content_length_is_enforced,http.response.stream-max-content-length,name_with_identical_release_definitions,true,1,1,1,ignore_max_content_length_for_stream_response,false,contracts/axios/axios_origin_excluding_merged_common.rpl:917,9b64ead64e1e8b890ebbea4c02547c53a53ff9e7d57f98f5cf44f1cd35f2c182
http-noncommon-0350,axios,sync_interceptor_failure_prevents_dispatch,sync_interceptor_failure_prevents_dispatch,http.interceptor.sync-failure-stops-dispatch,name_with_identical_release_definitions,true,1,1,2,dispatch_after_sync_interceptor_failure,false,contracts/axios/axios_origin_excluding_merged_common.rpl:1304,ac30c7567ece9f366c9d93b4a1679b2ee3163b765ad2f29f6dff14df9c4860e9
http-noncommon-0351,axios,timeout_string_is_parsed_as_milliseconds,timeout_string_is_parsed_as_milliseconds,http.timeout.string-parsed,name_with_identical_release_definitions,true,2,1,1,ignore_string_timeout,true,contracts/axios/axios_origin_excluding_merged_common.rpl:264,7cbd158ec2b7017bbdfdfa589d4702ab215fceae58e1293428f7f0f90c7baa75
http-noncommon-0352,axios,unicode_header_values_survive_interceptors,unicode_header_values_survive_interceptors,http.headers.unicode-values-through-interceptors,name_with_identical_release_definitions_and_replay_oracle_repair,true,2,1,1,corrupt_unicode_header_value_in_interceptor,true,contracts/axios/axios_origin_excluding_merged_common.rpl:1046,cfd6910188f45a0ff71d13343158f72bbf8b95d47f6bfc6aa1bb7d63c6d743fd
http-noncommon-0353,axios,url_embedded_basic_auth_is_url_decoded,url_embedded_basic_auth_is_url_decoded,http.auth.url-basic-credentials-decoding,name_with_identical_release_definitions,true,1,1,1,send_percent_encoded_basic_credentials,true,contracts/axios/axios_origin_excluding_merged_common.rpl:967,230d7bd6b742a9b01773bff7802c6b74882118459a6963a60e7a6b2e909bbc5b
http-noncommon-0354,axios,user_agent_header_can_be_omitted,user_agent_header_can_be_omitted,http.headers.user-agent-omission,name_with_identical_release_definitions_and_replay_oracle_repair,true,1,1,1,send_false_user_agent_literal,true,contracts/axios/axios_origin_excluding_merged_common.rpl:217,732c6f8a60579d7e5cd543af8f685fe724255c3a15ce6af8c4c3694bf40fc2a7
http-noncommon-0355,axios,utf8_bom_is_removed_before_json_parse,utf8_bom_is_removed_before_json_parse,http.response.json-utf8-bom-stripped,name_with_identical_release_definitions,true,1,1,1,pass_bom_to_json_parse,true,contracts/axios/axios_origin_excluding_merged_common.rpl:184,90574c83f5b4fa8a035cd24b87825f80dfd953b0c0b26facababc74127296340
http-noncommon-0356,axios,validate_status_null_accepts_every_status,validate_status_null_accepts_every_status,http.response.validate-status-null-accepts-all,name_with_identical_release_definitions,true,1,1,1,treat_validate_status_null_as_default_validator,true,contracts/axios/axios_origin_excluding_merged_common.rpl:175,bc0b46aa16d12a9115dc3597fb1c827dbfa8f8f889876deecfcf8a8da1fe7085
http-noncommon-0357,axios,validate_status_undefined_can_resolve_like_default,validate_status_undefined_can_resolve_like_default,http.response.validate-status-undefined-semantics,name_with_identical_release_definitions,true,1,1,1,treat_validate_status_undefined_as_accept_all,true,contracts/axios/axios_origin_excluding_merged_common.rpl:1195,f3f83cc814d41e18df288561132c8c3d4d2c6b04dc04bbfb27e1869a995dbf6c
http-noncommon-0358,requests,2.34.1:custom_getattr_bodies_are_detected_as_iterables,custom_getattr_bodies_are_detected_as_iterables,http.request.iterable-body-detection,release_note_only,false,0,0,0,,false,,5790233ead65dea793a6a0774674cab36612cc21aacc8c9e19679c231992b374
http-noncommon-0359,requests,2.34.0:response_history_does_not_reference_itself,response_history_does_not_reference_itself,http.redirect.history-cycle,release_note_only,false,0,0,0,,false,,f097ac52c764528fd42c720f9520e379f8b502fb1692509d8a766731c66e7324
http-noncommon-0360,requests,2.34.0:no_proxy_domain_matching_is_not_greedy,no_proxy_domain_matching_is_not_greedy,http.proxy.no-proxy-domain-boundary,release_note_only,false,0,0,0,,false,,956d9b2f14e03d9277807796cc373db86efcbb677877510982235c9267f6377a
http-noncommon-0361,requests,2.34.0:duplicate_leading_slashes_in_uri_path_are_preserved,duplicate_leading_slashes_in_uri_path_are_preserved,http.url.path-slash-preservation,release_note_only,false,0,0,0,,true,,f93d3df5399d0c9fee0ce552a463cf21b1650053017251edcccd49b9162ee1d1
http-noncommon-0362,requests,2.33.1:malformed_content_type_header_parsing_is_tolerant,malformed_content_type_header_parsing_is_tolerant,http.headers.content-type-parse-tolerance,release_note_only,false,0,0,0,,true,,aa20c514b051e515a44e08124999fa797e2734148a4fba941d4b56620b31ce28
http-noncommon-0363,requests,2.33.1:malformed_header_values_raise_consistent_header_error,malformed_header_values_raise_consistent_header_error,http.headers.malformed-value-taxonomy,release_note_only,false,0,0,0,,false,,147f9a097d8b70bff78463573ccec20d3163b25a03cf60d9298a0f9b07432146
http-noncommon-0364,requests,2.33.0:extract_zipped_paths_uses_nondeterministic_destination,extract_zipped_paths_uses_nondeterministic_destination,http.util.archive-extraction-hardening,release_note_only,false,0,0,0,,false,,ab18a053cdf5da2c6beeb0edc1dcc5749918df585105c7643c18ec764b765227
http-noncommon-0365,requests,2.33.0:empty_netrc_entry_does_not_apply_malformed_auth,empty_netrc_entry_does_not_apply_malformed_auth,http.auth.netrc-empty-entry,release_note_only,false,0,0,0,,false,,145b44edd3b2852b7da471ac06604b114b8cdd6b95dcbe9b335bbc604e14936c
http-noncommon-0366,requests,2.32.5:ssl_context_is_not_cached_across_session_verify_policy,ssl_context_is_not_cached_across_session_verify_policy,tls.context-cache-policy,release_note_only,false,0,0,0,,false,,65340e48fdd0fd2ca4af3cfd49cb533c689a569b7a378613c913476eebdd11e9
http-noncommon-0367,requests,2.32.4:netrc_credentials_are_scoped_to_exact_request_host,netrc_credentials_are_scoped_to_exact_request_host,http.auth.netrc-host-scope,release_note_only,false,0,0,0,,false,,2d4a8db0e0d02e0a87fffdc2636a8dc9f823289b6bb703b3ae2332e8681840fe
http-noncommon-0368,requests,2.32.3:custom_http_adapter_ssl_context_is_preserved,custom_http_adapter_ssl_context_is_preserved,tls.custom-adapter-ssl-context,release_note_only,false,0,0,0,,false,,4059ee5bc5b444fa1bd6804752c2bd9eb5c51432cd444572d8774fd304ab7d73
http-noncommon-0369,requests,2.32.2:adapter_exposes_get_connection_with_tls_context,adapter_exposes_get_connection_with_tls_context,http.adapter.tls-context-api,release_note_only,false,0,0,0,,false,,52191cf44b63d38551e8c983d0c332b8e2b1852ffc16d13037309c22ffd3ae49
http-noncommon-0370,requests,2.32.0:verify_false_does_not_persist_to_later_same_origin_requests,verify_false_does_not_persist_to_later_same_origin_requests,tls.verification-state-leak,release_note_only,false,0,0,0,,false,,a731afd1e6db163a8630cb715183a3169ce8dd6dadc152fb25eda60b5b19c707
http-noncommon-0371,requests,2.32.0:response_text_defaults_utf8_without_charset_detector,response_text_defaults_utf8_without_charset_detector,http.response.charset-detector-optional,release_note_only,false,0,0,0,,false,,b310aecdca0d486ca68f0e764999eef8a40fd96d8a2f4d4b8e36cda25f6469ea
http-noncommon-0372,requests,2.32.0:emoji_body_content_length_counts_bytes_not_characters,emoji_body_content_length_counts_bytes_not_characters,http.request.content-length-unicode,release_note_only,false,0,0,0,,true,,b22386f7aae367fe6b3ac689f4c0eab24f1f75b1ff47ebd4e68f8a7dd555ff00
http-noncommon-0373,requests,2.32.0:json_decode_error_round_trips_through_pickle,json_decode_error_round_trips_through_pickle,http.response.json-error-serialization,release_note_only,false,0,0,0,,false,,117a6577de15fe77b7bbac6790533788abc0fb071e2255f10037c0848dc29cdf
http-noncommon-0374,requests,2.32.0:extra_leading_path_separator_does_not_trigger_uri_reparse,extra_leading_path_separator_does_not_trigger_uri_reparse,http.url.extra-leading-slash,release_note_only,false,0,0,0,,false,,f78a84f4130352023d499244d7bdf7d18355ca5011703c1868b59089799c7229
http-noncommon-0375,requests,2.31.0:proxy_authorization_from_proxy_url_is_not_forwarded_after_https_redirect,proxy_authorization_from_proxy_url_is_not_forwarded_after_https_redirect,http.proxy.authorization-redirect-leak,release_note_only,false,0,0,0,,false,,a39062c80b5a86d8b8b47ec10fbe4a06cfcad47fbe2a44e615cd23e710eeff64
http-noncommon-0376,requests,2.29.0:bytes_and_string_subclass_header_components_are_accepted,bytes_and_string_subclass_header_components_are_accepted,http.headers.component-subclass,release_note_only,false,0,0,0,,false,,9caeb0ebc000c2f5b9a196e68b93de4ef4d0ef7439b88231db3fb01946c6faf2
http-noncommon-0377,requests,2.28.2:missing_schema_error_suggests_https,missing_schema_error_suggests_https,http.error.missing-schema-suggestion,release_note_only,false,0,0,0,,false,,9c34c71561d3c28ced1d13cf197ee13d3e1969c5b30c0240a3b2b35de4df530c
http-noncommon-0378,requests,2.28.2:response_json_uses_response_encoding_consistently,response_json_uses_response_encoding_consistently,http.response.json-encoding-consistency,release_note_only,false,0,0,0,,false,,c3f562aa8db1c469dc1288afb2005d6437677534fd7e6d53c527298628ae4c5d
http-noncommon-0379,requests,2.28.0:empty_curl_ca_bundle_does_not_disable_verification,empty_curl_ca_bundle_does_not_disable_verification,tls.env-ca-empty-string,release_note_only,false,0,0,0,,false,,1bd8c462e81a1ef5b3b98afcb1508e19cd15dfb2947bdb0feb455cd644f751de
http-noncommon-0380,requests,2.28.0:ssl_errors_from_streaming_content_are_wrapped,ssl_errors_from_streaming_content_are_wrapped,tls.streaming-error-taxonomy,release_note_only,false,0,0,0,,false,,8402ba90ab3d87112d35ffc6da9951dd0309ca7bfbfa69a3bd815bc3136e1d33
http-noncommon-0381,requests,2.28.0:proxy_url_missing_scheme_is_parsed_with_default_scheme,proxy_url_missing_scheme_is_parsed_with_default_scheme,http.proxy.missing-scheme-default,release_note_only,false,0,0,0,,false,,5fae2a45d9b2f6435bc1531aaa05b3f1d7cc4c6454a99cac9accf10662f08d9b
http-noncommon-0382,requests,2.28.0:tarfile_extractfile_payload_length_detection_does_not_crash,tarfile_extractfile_payload_length_detection_does_not_crash,http.request.file-length-attribute-error,release_note_only,false,0,0,0,,false,,4e3038937273cd16f7a3e6887c97662f06afd11e1fc30d83c351ddc349cbf56a
http-noncommon-0383,requests,2.28.0:invalid_header_from_transport_is_wrapped,invalid_header_from_transport_is_wrapped,http.headers.invalid-header-taxonomy,release_note_only,false,0,0,0,,false,,5134cb8dc193f572b37c5dc63066171aad07f739e931d41239117321712c5572
http-noncommon-0384,requests,2.28.0:chunked_requests_do_not_send_duplicate_host_headers,chunked_requests_do_not_send_duplicate_host_headers,http.request.chunked-host-duplication,release_note_only,false,0,0,0,,false,,2d56ebb70a0ccdf329d7d1170c57e2bef52750f9d560580c1d183b57fe06c9fe
http-noncommon-0385,requests,2.27.1:leading_dot_hostname_error_is_invalid_url,leading_dot_hostname_error_is_invalid_url,http.url.leading-dot-hostname,release_note_only,false,0,0,0,,false,,c134cd79cc4ec50f75bbf247a1fdd1a4395484045fc8bc26bfe86461f20331a2
http-noncommon-0386,requests,2.27.0:json_decode_error_is_request_exception,json_decode_error_is_request_exception,http.response.json-error-taxonomy,release_note_only,false,0,0,0,,false,,673fe25eaf18ca18ebcd9c329a47d9645d6559e4cd1455caee0b3e6de49e91a8
http-noncommon-0387,requests,2.26.0:application_json_without_charset_decodes_as_utf8,application_json_without_charset_decodes_as_utf8,http.response.json-default-charset,release_note_only,false,0,0,0,,false,,1a58fa53490207cf1d352510ca62ad7a5828c9a979e4c8d2a5413b780c008f25
http-noncommon-0388,requests,2.23.0:redirect_to_invalid_url_is_wrapped,redirect_to_invalid_url_is_wrapped,http.redirect.invalid-location-taxonomy,release_note_only,false,0,0,0,,false,,c1e30b94a921020a5ee5c8cf1898076267106e7b1579fe6055c0d622c49ee959
http-noncommon-0389,requests,2.22.0:basic_auth_warning_does_not_include_password,basic_auth_warning_does_not_include_password,http.auth.warning-redaction,release_note_only,false,0,0,0,,false,,abf3689917fe495971cd890f6fbbab563b75e68ecf78af6187eb45b1b86bb33b
http-noncommon-0390,requests,2.21.0:same_host_default_port_redirect_preserves_authorization,same_host_default_port_redirect_preserves_authorization,http.redirect.default-port-auth-scope,release_note_only,false,0,0,0,,false,,5837df61890a21ad106ef8949b5c78c765dd252c61d6195de39c09c3cd16d098
http-noncommon-0391,requests,2.20.0:content_type_header_parsing_is_case_insensitive,content_type_header_parsing_is_case_insensitive,http.headers.content-type-case,release_note_only,false,0,0,0,,true,,015178cdd590e5343c4737bed8d5ce8091d02a3fab62eab095a326518b805154
http-noncommon-0392,requests,2.20.0:redirect_fragment_is_preserved_when_location_has_no_fragment,redirect_fragment_is_preserved_when_location_has_no_fragment,http.redirect.fragment-preservation,release_note_only,false,0,0,0,,true,,cab815d83ae595329470ec71752550ef7b4c06e8dfe6b0180019c8525a29a555
http-noncommon-0393,requests,2.19.0:digest_auth_supports_sha256_and_sha512,digest_auth_supports_sha256_and_sha512,http.auth.digest-sha2,release_note_only,false,0,0,0,,false,,b377270c5e36b4ab08c76917fb42092dfae0c00eaa2d4e6a5ff0ee78edb10d74
http-noncommon-0394,requests,2.19.0:empty_link_header_parses_to_empty_list,empty_link_header_parses_to_empty_list,http.headers.link-empty,release_note_only,false,0,0,0,,false,,c99c76d71f35c913b3cc65d790834c4ac0b7a192b10f1884fb7f4df1ef7d5884
http-noncommon-0395,requests,2.19.0:invalid_certificate_bundle_path_fails_before_dispatch,invalid_certificate_bundle_path_fails_before_dispatch,tls.ca-path-validation,release_note_only,false,0,0,0,,false,,46d875c6eebcc71a47a0c9de9f58ec1a06f11a6dcc0c84600a439803d53e4f1a
http-noncommon-0396,requests,2.18.0:proxies_mapping_no_proxy_key_is_honored,proxies_mapping_no_proxy_key_is_honored,http.proxy.no-proxy-mapping-key,release_note_only,false,0,0,0,,false,,b147e7d85dd8871c7473b9b89f42b94670a23a1011b59a996c217e6533a90977
http-noncommon-0397,requests,2.18.0:schemes_starting_with_http_but_not_http_are_rejected,schemes_starting_with_http_but_not_http_are_rejected,http.url.scheme-prefix-rejection,release_note_only,false,0,0,0,,false,,e9c2887521eb7900d72abd0770f8c917f0a24b913f9c31929d3cb378d799e38a
http-noncommon-0398,requests,2.18.0:non_ascii_location_redirect_is_decoded_without_unicode_error,non_ascii_location_redirect_is_decoded_without_unicode_error,http.redirect.non-ascii-location,release_note_only,false,0,0,0,,false,,a7afdaeff6e4ab9b618c8c4175d721ccbbcfa2db1edab791773a6f78120bd80e
http-noncommon-0399,requests,2.18.0:digest_auth_only_answers_4xx_challenges,digest_auth_only_answers_4xx_challenges,http.auth.digest-challenge-scope,release_note_only,false,0,0,0,,false,,efee42dd7c24fce7479b6cef0ef55f02232f7eee3a2a18d0a93116931aa9966b
http-noncommon-0400,requests,2.15.1:header_values_with_leading_whitespace_or_newline_are_rejected,header_values_with_leading_whitespace_or_newline_are_rejected,http.headers.smuggling-guard,release_note_only,false,0,0,0,,true,,6fd7fb9514550f00d4d91109136e677ff18bb871835f8386e877b9eb9d958052
http-noncommon-0401,requests,2.15.0:no_proxy_wildcard_bypasses_all_hosts,no_proxy_wildcard_bypasses_all_hosts,http.proxy.no-proxy-wildcard,release_note_only,false,0,0,0,,true,,1db243d4f424196f14d90c35449c9d80411842be421de3e0e571b228dd53cbd5
http-noncommon-0402,requests,2.15.0:iter_content_accepts_integer_and_none_chunk_sizes,iter_content_accepts_integer_and_none_chunk_sizes,http.response.iter-content-chunk-size,release_note_only,false,0,0,0,,false,,9674ee1b220c610ea17c8ba845e3e2ad144486a4e5671331eafba13f48c66be0
http-noncommon-0403,requests,2.14.0:case_insensitive_headers_preserve_insertion_order,case_insensitive_headers_preserve_insertion_order,http.headers.case-insensitive-order,release_note_only,false,0,0,0,,false,,d350de3f0bc9611a45e466cc6a68efb0e5e7235697303e4d978d68a61da49494
http-noncommon-0404,requests,2.14.0:body_tell_exception_falls_back_to_chunked_transfer,body_tell_exception_falls_back_to_chunked_transfer,http.request.body-tell-fallback,release_note_only,false,0,0,0,,true,,befb5eece1e65fe09b00b6ebfb6b56bd4fe7729e1a305ed4cf8737d0fcf4ab33
http-noncommon-0405,requests,2.14.0:proxy_connection_failures_raise_proxy_error,proxy_connection_failures_raise_proxy_error,http.proxy.error-taxonomy,release_note_only,false,0,0,0,,false,,8190926264f4928c0f631b813398bdfdfe9ddfffd3cc23578b49dab96d217ebf
http-noncommon-0406,requests,2.13.0:verify_accepts_ca_certificate_directory,verify_accepts_ca_certificate_directory,tls.ca-directory,release_note_only,false,0,0,0,,false,,399238e658affb28c80d97aedb2298fba559804375f5636d1700081be1fdd243
http-noncommon-0407,requests,2.12.5:partial_file_upload_uses_remaining_bytes_only,partial_file_upload_uses_remaining_bytes_only,http.request.partial-file-upload,release_note_only,false,0,0,0,,false,,e5002565a3b65e183872b90f6dc051f376cc59f39bb07bf44accdf9edf28538c
http-noncommon-0408,requests,2.12.5:empty_unknown_length_file_upload_uses_chunked_transfer,empty_unknown_length_file_upload_uses_chunked_transfer,http.request.empty-file-chunked,release_note_only,false,0,0,0,,false,,94a79bf49d2be0f83b5a6bca98583139892a2d6673d3c13a6c6a47d6e678e6b8
http-noncommon-0409,requests,2.12.5:session_closes_on_exceptional_and_normal_exit,session_closes_on_exceptional_and_normal_exit,http.session.close-lifecycle,release_note_only,false,0,0,0,,false,,5e4c6417d9d9cbb24308e4b02e233e0a4e217063b7efa330fca74473b7f0c9fc
http-noncommon-0410,requests,2.12.5:malformed_digest_qop_is_handled,malformed_digest_qop_is_handled,http.auth.digest-malformed-qop,release_note_only,false,0,0,0,,false,,18a7479542c28907145c306ff5fd7b77776b85a3a4b08244b7d3468ccedd4d92
http-noncommon-0411,requests,2.11.0:prepared_request_flow_respects_json_parameter,prepared_request_flow_respects_json_parameter,http.request.prepared-json,release_note_only,false,0,0,0,,false,,4e7aa4654efd57e291163024c803e939be3fe9c621be15011f2add2a1b94d53c
http-noncommon-0412,requests,2.11.0:host_specific_proxy_mapping_is_honored,host_specific_proxy_mapping_is_honored,http.proxy.host-specific-mapping,release_note_only,false,0,0,0,,true,,bb6907b3c110840cf63f88b3d68d427ff426b85e7f7b5869c50800682642a688
http-noncommon-0413,requests,2.11.0:netrc_parse_errors_are_optional,netrc_parse_errors_are_optional,http.auth.netrc-error-policy,release_note_only,false,0,0,0,,false,,8d506700a4eacb415495c6310f08ff3f6f5f7367b39e0f2a36193c47337d69f9
http-noncommon-0414,requests,2.11.0:default_user_agent_avoids_runtime_data_leak,default_user_agent_avoids_runtime_data_leak,http.headers.user-agent-privacy,release_note_only,false,0,0,0,,false,,7b23d122588e8baa47fea4133fffdddcb7146a4c77b28e0204324deb7d41d983
http-noncommon-0415,requests,2.11.0:json_parameter_is_ignored_when_data_or_files_present,json_parameter_is_ignored_when_data_or_files_present,http.request.body-priority,release_note_only,false,0,0,0,,true,,0854396a2e13bc33cd5257b3882866a3abc3438d9e103902ee65bb6e581e3e7a
http-noncommon-0416,requests,2.11.0:empty_no_proxy_entries_are_ignored,empty_no_proxy_entries_are_ignored,http.proxy.no-proxy-empty-field,release_note_only,false,0,0,0,,false,,6c51ccda3b7dc676275b865aa55f35bf20bd1ac09878df664a0219847851379e
http-noncommon-0417,requests,2.11.0:chunked_body_connection_is_released_once,chunked_body_connection_is_released_once,http.connection.chunked-release-once,release_note_only,false,0,0,0,,false,,315165c757674f795dd91c622424dce5102d41604332339abc58c584b5a5e5c9
http-noncommon-0418,requests,2.7.0:hooks_argument_is_optional_for_prepared_request,hooks_argument_is_optional_for_prepared_request,http.hooks.prepare-default,release_note_only,false,0,0,0,,false,,a8ea27ccfde912dbe24a5c18463a1092dc5619e1db3fadb67cd975bf24582ca9
http-noncommon-0419,requests,2.7.0:redirect_adapter_kwargs_are_forwarded,redirect_adapter_kwargs_are_forwarded,http.redirect.adapter-kwargs-forwarding,release_note_only,false,0,0,0,,false,,557b9dfb38e9327a7e11ea88ac11cdc8db60bd7441535460914d5a234fd1486b
http-noncommon-0420,requests,2.7.0:prepared_request_cookiejar_is_copied_reliably,prepared_request_cookiejar_is_copied_reliably,http.cookies.prepared-request-copy,release_note_only,false,0,0,0,,false,,3b8e491cb82b328214ed8258cdf38c849219fe5fcbe85f6eecce9b612f03666d
http-noncommon-0421,requests,2.6.1:redirect_cookie_without_domain_is_scoped_to_original_host,redirect_cookie_without_domain_is_scoped_to_original_host,http.cookies.redirect-host-scope,release_note_only,false,0,0,0,,false,,99c5ff239062927cd14d1a709bbb0685863f0f351e9216db50bd601141906b9f
http-noncommon-0422,requests,2.5.0:compressed_chunked_response_is_decoded,compressed_chunked_response_is_decoded,http.response.compressed-chunked-decoding,release_note_only,false,0,0,0,,false,,735bf904c03e9d3f9bb07d2dd8482032556bb42240867463ffc199fda71dcdcc
http-noncommon-0423,requests,2.4.0:idna2008_hostnames_are_supported,idna2008_hostnames_are_supported,http.url.idna2008,release_note_only,false,0,0,0,,false,,0cb47a292e1135a39a6829cab660a30106a845ad291eb28999be119a2a79d38e
http-noncommon-0424,requests,2.4.0:content_length_recomputed_for_prepared_request_body_changes,content_length_recomputed_for_prepared_request_body_changes,http.request.prepared-content-length,release_note_only,false,0,0,0,,false,,a1b283452507cbcfbcb8561b06fa0b1987ccf460831e14e7b3fbf8d2556f6634
http-noncommon-0425,requests,2.4.0:empty_password_in_proxy_credentials_is_allowed,empty_password_in_proxy_credentials_is_allowed,http.proxy.empty-password,release_note_only,false,0,0,0,,false,,dd54c2e7513d83e51833e29ceb4d1affe5c911c179ce7f34130048cad0cc80cf
http-noncommon-0426,requests,2.4.0:redirect_307_308_rewinds_file_like_body,redirect_307_308_rewinds_file_like_body,http.redirect.rewind-file-body,release_note_only,false,0,0,0,,false,,b565073f94eac2d18d285930387e45869afb1a7ca6421390ef475053ef646bdb
http-noncommon-0427,requests,2.4.0:custom_host_header_cookie_matching_is_respected,custom_host_header_cookie_matching_is_respected,http.cookies.custom-host-matching,release_note_only,false,0,0,0,,false,,c85a598cd61e4625c1e39409b5dee467fdf4822ce381c632bd5f0760b05060f1
http-noncommon-0428,requests,2.3.0:iter_content_decode_unicode_streams_text,iter_content_decode_unicode_streams_text,http.response.iter-content-decode-unicode,release_note_only,false,0,0,0,,true,,768d7730eb7b22cc02ff2b2260605c2e555066057e10834e6a99503456fe0ac7
http-noncommon-0429,guzzle,7.5.3:set_cookie_invalid_max_age_is_skipped,set_cookie_invalid_max_age_is_skipped,http.cookie.set-cookie-max-age-validation,release_note_only,false,0,0,0,,false,,7744d40acc617beb4dfeddb8f6fc9b810e4453a6de751f223925d808bef48165
http-noncommon-0430,guzzle,7.5.2:set_cookie_constructor_validates_inputs,set_cookie_constructor_validates_inputs,http.cookie.constructor-validation,release_note_only,false,0,0,0,,false,,51347a69f71d914f61412e3743b0519abc95ba63d59900d78ca38358d2f407c9
http-noncommon-0431,guzzle,7.5.2:multipart_file_body_string_zero_is_preserved,multipart_file_body_string_zero_is_preserved,http.multipart.zero-body,release_note_only,false,0,0,0,,false,,0d47c7740dcf41fd202e9670bf3cf45671fa4cc62acb7b053d5b343b650ced6d
http-noncommon-0432,guzzle,7.5.1:proxy_option_no_overrides_environment_proxy,proxy_option_no_overrides_environment_proxy,http.proxy.option-no-overrides-env,release_note_only,false,0,0,0,,false,,1b794c130b8e37e844b2311660f24aa31ee9d4189de9271e6165ece20da11df8
http-noncommon-0433,guzzle,7.4.5:redirect_port_change_is_origin_change,redirect_port_change_is_origin_change,http.redirect.port-origin-boundary,release_note_only,false,0,0,0,,false,,4fa5b4e4d1cc36915d91cdd282c3e8af263011a3ca32aca356509908268ba39d
http-noncommon-0434,guzzle,7.4.5:curl_httpauth_option_cleared_on_origin_change,curl_httpauth_option_cleared_on_origin_change,http.redirect.curl-auth-origin-clear,release_note_only,false,0,0,0,,false,,c69f1d6a8a4eec6880167ab1311bcd046cbe3c33be9e1432c941362026884b4d
http-noncommon-0435,guzzle,7.4.4:authorization_header_stripped_on_http_downgrade,authorization_header_stripped_on_http_downgrade,http.redirect.downgrade-auth-stripping,release_note_only,false,0,0,0,,false,,22cb0901119f0c71eb9c6d7fe1bb9af29715aeef6557c62d4f656d175f5b45dc
http-noncommon-0436,guzzle,7.4.4:cookie_header_stripped_on_http_downgrade,cookie_header_stripped_on_http_downgrade,http.redirect.downgrade-cookie-stripping,release_note_only,false,0,0,0,,false,,ccbd3e836959f6b409af643fbcb82f3a94bddd44c27106fd31a80462c1ee0eb2
http-noncommon-0437,guzzle,7.4.3:cross_domain_cookies_are_not_leaked,cross_domain_cookies_are_not_leaked,http.cookies.cross-domain-leak,release_note_only,false,0,0,0,,false,,584daf0dd19e54309c01b1de76bafd861d59809b9723007b49936c71afe3445f
http-noncommon-0438,guzzle,7.4.2:stream_handler_rejects_non_http_schemes,stream_handler_rejects_non_http_schemes,http.url.non-http-streamhandler-rejection,release_note_only,false,0,0,0,,false,,2f34fb11021b4d150e25d02e41b294e2cb5284156dc148a08dd9cd1540c068f6
http-noncommon-0439,guzzle,7.4.2:stream_handler_sets_default_ssl_peer_name_for_forced_ip,stream_handler_sets_default_ssl_peer_name_for_forced_ip,tls.peer-name-force-ip,release_note_only,false,0,0,0,,false,,35486934f8de9f17767b6e47488102ce62e64b655e9f602349e7dd35dd7217de
http-noncommon-0440,guzzle,7.4.1:uri_objects_are_not_implicitly_stringified,uri_objects_are_not_implicitly_stringified,http.url.uri-string-coercion,release_note_only,false,0,0,0,,false,,78a1620319cf58d8b5287329c77f52a01daf5efb27972255c12f55ef2d659c68
http-noncommon-0441,guzzle,7.4.0:invalid_headers_array_raises_invalid_argument,invalid_headers_array_raises_invalid_argument,http.headers.invalid-array-taxonomy,release_note_only,false,0,0,0,,false,,0bbc3f75f48aed619179a6b678fb91a10d2eaf2c10635ad43939e16e1487e696
http-noncommon-0442,guzzle,7.3.0:der_client_certificates_are_supported,der_client_certificates_are_supported,tls.client-certificate-der,release_note_only,false,0,0,0,,false,,7f1b12861214813f101c25b0f55294dd5e731d02ec1b23234a0a3f072262b99f
http-noncommon-0443,guzzle,7.3.0:p12_client_certificates_are_supported,p12_client_certificates_are_supported,tls.client-certificate-p12,release_note_only,false,0,0,0,,false,,a0432a135554ca8be9b423faefcb3ce76afacbbf1a899946f42c809e2664e421
http-noncommon-0444,guzzle,7.3.0:stream_handler_accepts_http_proxy_scheme,stream_handler_accepts_http_proxy_scheme,http.proxy.stream-http-scheme,release_note_only,false,0,0,0,,false,,fe74ad14315ac874a55bd7e8909f8b385cac3b0d71b13e2064ab2fac6133ecf1
http-noncommon-0445,guzzle,7.2.0:http_error_middleware_accepts_body_summarizer,http_error_middleware_accepts_body_summarizer,http.error.body-summary-hook,release_note_only,false,0,0,0,,false,,f095d14f26a0b6e6a2ab6e5cf9efa6ad2eea9e0d04946c47d3227f24973133ac
http-noncommon-0446,guzzle,7.2.0:request_always_has_body_object,request_always_has_body_object,http.request.body-object-invariant,release_note_only,false,0,0,0,,false,,fbb54de6a4ffbc420b75f8b32636b5cce0421c4512359bed17ac4b75f9596f71
http-noncommon-0447,guzzle,7.2.0:too_many_redirects_exception_contains_response,too_many_redirects_exception_contains_response,http.redirect.exception-response,release_note_only,false,0,0,0,,false,,8ec29a6096523adcfc0dd0014655adfd507d82217869f95890ba5d48ecce7bb8
http-noncommon-0448,guzzle,7.1.1:head_requests_do_not_connect_sink,head_requests_do_not_connect_sink,http.response.head-sink-policy,release_note_only,false,0,0,0,,false,,dd03327bcd1886f5d8b5c19f892a9b1dc4dfaf4297a7a3ada04d73b3be1feb49
http-noncommon-0449,guzzle,7.1.0:cookie_without_value_is_stored,cookie_without_value_is_stored,http.cookie.empty-value,release_note_only,false,0,0,0,,false,,d778f09b7e331b0353060245a9fba9bb780341b403dc19456428ceace3241f11
http-noncommon-0450,guzzle,7.1.0:safe_method_redirects_are_allowed,safe_method_redirects_are_allowed,http.redirect.safe-method-policy,release_note_only,false,0,0,0,,false,,2318d962ec7871d6bb26e6b1260a8ef286bc215061056677a7ab75db25c0adc9
http-noncommon-0451,guzzle,7.1.0:logging_empty_response_does_not_fail,logging_empty_response_does_not_fail,http.logging.empty-response,release_note_only,false,0,0,0,,false,,ec3abc286ffa744ea63c6bd5e819510cec0791315cd5fc2c2d28434fd83dc87c
http-noncommon-0452,guzzle,7.0.0-rc1:idn_support_is_disabled_by_default,idn_support_is_disabled_by_default,http.url.idn-default-disabled,release_note_only,false,0,0,0,,false,,6a3a499aaae0c1675632b90a743877c80967a43a2b3e7674dc6c23466baa56a4
http-noncommon-0453,guzzle,7.0.0-beta2:client_exposes_convenience_methods_for_http_verbs,client_exposes_convenience_methods_for_http_verbs,http.client.verb-methods,release_note_only,false,0,0,0,,true,,40b70ab6dcca6d89d99a22edf9497be0cc4a9028ad0f4f04da6715952438c49c
http-noncommon-0454,guzzle,7.0.0-beta2:default_user_agent_is_major_version_only,default_user_agent_is_major_version_only,http.headers.user-agent-major-version,release_note_only,false,0,0,0,,false,,f08538dfd34f7e8fda0073070e2a6c05582635ed759d25eeac6bc75d51171c92
http-noncommon-0455,guzzle,7.0.0-beta2:connect_exception_extends_transfer_exception,connect_exception_extends_transfer_exception,http.error.connection-taxonomy,release_note_only,false,0,0,0,,true,,85593f16937849cf65bcb78b34fd5813533605595ac3a4297e9085e587a285e2
http-noncommon-0456,guzzle,7.0.0-beta1:psr18_client_interface_is_implemented,psr18_client_interface_is_implemented,http.client.psr18-interface,release_note_only,false,0,0,0,,false,,3e41d8e14cbda85b6949ccd050a05173d7cb833972207acb57f6bd5ae6507149
http-noncommon-0457,guzzle,7.0.0-beta1:null_uri_is_rejected,null_uri_is_rejected,http.url.null-uri-rejection,release_note_only,false,0,0,0,,true,,2aee103c9a3a017557590c0fec99584c1e0a4d688db1973a4d46c0d4f8d8935d
http-noncommon-0458,guzzle,7.0.0-beta1:request_exception_response_body_summary_removed,request_exception_response_body_summary_removed,http.error.response-body-summary-api,release_note_only,false,0,0,0,,false,,656dda33363e6b96bcf5a20ce8085b7548de8f01b844f19461b2688027127bed
http-noncommon-0459,guzzle,6.5.0:null_header_option_is_handled_gracefully,null_header_option_is_handled_gracefully,http.headers.null-option,release_note_only,false,0,0,0,,false,,ff5e508edecea29268ab1837840d32c6c6bd5fbf544cf30334a7119ef977bded
http-noncommon-0460,guzzle,6.5.0:retry_middleware_uses_exponential_delay_units_correctly,retry_middleware_uses_exponential_delay_units_correctly,http.retry.exponential-delay-units,release_note_only,false,0,0,0,,false,,234e27b93966d8af41b06a4a5035aaebdf76f0b4733336ef1b40ea307b16a4b7
http-noncommon-0461,guzzle,6.5.0:ssl_key_array_options_do_not_emit_undefined_offset,ssl_key_array_options_do_not_emit_undefined_offset,tls.client-key-array-options,release_note_only,false,0,0,0,,false,,841e6e686cb939cf0fac359e50ffc28b8ed586b33078e06faa753f01048e5e25
http-noncommon-0462,guzzle,6.4.0:curl_select_timeout_environment_variable_is_honored,curl_select_timeout_environment_variable_is_honored,http.transport.curl-select-timeout-env,release_note_only,false,0,0,0,,false,,ee52936185ab8383117706bd586ad208abb5355a575a1548d377ef5974c21c23
http-noncommon-0463,guzzle,6.4.0:transfer_stats_include_appconnect_time,transfer_stats_include_appconnect_time,http.observability.tls-appconnect-time,release_note_only,false,0,0,0,,false,,e95609ffb6cee91eb7c6ce6300d6603da47339e08c8d3cc65920576ea75af443
http-noncommon-0464,guzzle,6.4.0:cookie_jar_file_writes_are_serialized,cookie_jar_file_writes_are_serialized,http.cookie.jar-concurrent-write,release_note_only,false,0,0,0,,false,,6283f7ee3a8b60177302004f986578d675a749ab9cb0df2fc5a5de1bb9a5aa11
http-noncommon-0465,guzzle,6.3.3:decode_content_option_preserves_default_headers,decode_content_option_preserves_default_headers,http.headers.decode-content-defaults,release_note_only,false,0,0,0,,false,,868f02e1ad6f83516f72a81d65a04bee2e30303b37e21fbba2db5332aadf98a3
http-noncommon-0466,guzzle,6.3.1:cookie_epoch_zero_expiry_is_parsed,cookie_epoch_zero_expiry_is_parsed,http.cookie.epoch-zero-expiry,release_note_only,false,0,0,0,,false,,a2c2452f4ae3487c3091b2b131299db34e88a809dd94701970ab1ed1ee2c2aa0
http-noncommon-0467,guzzle,6.3.1:cookie_domain_containing_slash_is_rejected,cookie_domain_containing_slash_is_rejected,http.cookie.malformed-domain-slash,release_note_only,false,0,0,0,,false,,786cbcbab5faa51f8ad9356c927372a9d443c3e4d6caa5223d135619a8471400
http-noncommon-0468,guzzle,6.3.1:empty_headers_are_supported,empty_headers_are_supported,http.headers.empty-headers,release_note_only,false,0,0,0,,true,,bd727ce07b843c3035624f9eebdd5ef863fb584bd6da01236a9af5c25ed98457
http-noncommon-0469,guzzle,6.3.1:header_modifications_are_case_insensitive,header_modifications_are_case_insensitive,http.headers.case-insensitive-mutation,release_note_only,false,0,0,0,,true,,af244662cd8094045c7101249d3c0226626bd957b76939a879120b52540b0ce8
http-noncommon-0470,guzzle,6.3.0:force_ip_resolve_option_is_supported,force_ip_resolve_option_is_supported,http.dns.force-ip-resolve,release_note_only,false,0,0,0,,false,,129cc363587a5dbf1f4cf7b429893d212754ad3303a11a68ab230e8737b40601
http-noncommon-0471,guzzle,6.3.0:read_timeout_option_is_supported,read_timeout_option_is_supported,http.timeout.read-timeout-option,release_note_only,false,0,0,0,,true,,71119ab3457897153dd744ba11b9b8515f0e78de13eb1b77d9e44dd7b70634f4
http-noncommon-0472,guzzle,6.3.0:ntlm_auth_option_is_supported,ntlm_auth_option_is_supported,http.auth.ntlm,release_note_only,false,0,0,0,,false,,cfd9bf8f6382c4b46e19fffb2bd54a7c6b271c9678043180d05cfdbeb349ca74
http-noncommon-0473,guzzle,6.3.0:redirect_history_tracks_status_codes,redirect_history_tracks_status_codes,http.redirect.status-history,release_note_only,false,0,0,0,,false,,8baabd69f17837d1d7e84aefb2500f5e6cd0a2e0d49e961029f375f964b1da9c
http-noncommon-0474,guzzle,6.3.0:handler_type_is_checked_during_client_construction,handler_type_is_checked_during_client_construction,http.handler.constructor-validation,release_note_only,false,0,0,0,,false,,4d4a3cd62584c72e960ce6710fab062f876fbd09b9ed667e86e1f58599d762bf
http-noncommon-0475,guzzle,6.3.0:content_length_is_included_when_body_exists,content_length_is_included_when_body_exists,http.request.content-length-body-invariant,release_note_only,false,0,0,0,,true,,b2b4afd74d6e930d3c1831687af220d29b6d17ff832c2b668c12f8b930a5a2e7
http-noncommon-0476,guzzle,6.3.0:cookie_jar_can_access_cookie_by_name,cookie_jar_can_access_cookie_by_name,http.cookie.jar-get-by-name,release_note_only,false,0,0,0,,false,,35071839578f0801ede270371798a7bb1a939be6587fe5ecb8ef658a401babc3
http-noncommon-0477,guzzle,6.3.0:ca_info_and_ca_path_are_filled_correctly,ca_info_and_ca_path_are_filled_correctly,tls.ca-paths,release_note_only,false,0,0,0,,false,,399eb0a8f6b7625231c0818fa1379b0d3b79e35e9d267c0bc3539311c13099ca
http-noncommon-0478,guzzle,6.2.2:on_headers_callback_can_abort_response,on_headers_callback_can_abort_response,http.response.on-headers-callback,release_note_only,false,0,0,0,,false,,e454e3c8840bf2d1f918b31318eba626570b1e2cc6251ff85d48744154d4463a
http-noncommon-0479,guzzle,6.2.1:multipart_same_name_files_are_supported,multipart_same_name_files_are_supported,http.multipart.same-name-files,release_note_only,false,0,0,0,,false,,8e85db9e0b8dec60f45457cc99dfaa9007b27b69a80092983ff2672a80b3e1b5
http-noncommon-0480,guzzle,6.2.0:expect_header_threshold_is_configurable,expect_header_threshold_is_configurable,http.request.expect-threshold,release_note_only,false,0,0,0,,false,,463711c16e4fd5bab7f4c5ae6305bf3f40aeea5a652857821cb419ebffb48c45
http-noncommon-0481,guzzle,6.1.0:sink_option_writes_response_body_to_target,sink_option_writes_response_body_to_target,http.response.sink,release_note_only,false,0,0,0,,false,,aeb536473fbe150b6776703101e6a92e203d891222c5210f6ec7d2b681b0f647
http-noncommon-0482,guzzle,6.1.0:progress_callback_reports_transfer_progress,progress_callback_reports_transfer_progress,http.observability.progress-callback,release_note_only,false,0,0,0,,false,,1dbe36ca350553b605a77275e4ab146f902c6aadc01cacc49dc130a1ea1726ff
http-noncommon-0483,guzzle,6.0.0:base_uri_resolves_relative_request_uris,base_uri_resolves_relative_request_uris,http.url.base-uri-resolution,release_note_only,false,0,0,0,,false,,25d129b99d6e53a63244f7a59f53636f3e41fbbc2466213a601269660b5c0bc6
http-noncommon-0484,guzzle,6.0.0:http_errors_option_controls_exception_on_error_status,http_errors_option_controls_exception_on_error_status,http.error.http-errors-option,release_note_only,false,0,0,0,,false,,10110d47eb113df73f0a1a6baf7b1330b6198df0d2b2d2a813e3921ab48c47b9
http-noncommon-0485,guzzle,6.0.0:allow_redirects_option_can_track_redirects,allow_redirects_option_can_track_redirects,http.redirect.tracking-option,release_note_only,false,0,0,0,,false,,38167859f1a8cd08a5c9f9987ab237ad41c4b23af2ee9f2538f9e72addace23c
http-noncommon-0486,guzzle,6.0.0:delay_option_defers_request_dispatch,delay_option_defers_request_dispatch,http.request.delay-option,release_note_only,false,0,0,0,,false,,f69f6d3eb7d199bbcf544816103d38c0dccd1129eac49699cf831ab846c2aebf
http-noncommon-0487,guzzle,5.3.0:cookies_option_accepts_boolean_or_cookie_jar,cookies_option_accepts_boolean_or_cookie_jar,http.cookie.option-shapes,release_note_only,false,0,0,0,,false,,7ab969f6ad0c3277d5541effeda6f7426dd773068529e5624dc7d52aaea22661
http-noncommon-0488,guzzle,5.3.0:query_option_merges_with_uri_query,query_option_merges_with_uri_query,http.url.query-option-merge,release_note_only,false,0,0,0,,false,,e55c995bb725fd9c81fa69631b8adc670833e18a795aa209d50835eb7bd11691
http-noncommon-0489,guzzle,5.2.0:body_option_accepts_string_resource_or_stream,body_option_accepts_string_resource_or_stream,http.request.body-option-shapes,release_note_only,false,0,0,0,,false,,45da72f58e0645b154a5e58d52f3e71a76b18e10335ec40127254171201db5d7
http-noncommon-0490,guzzle,5.1.0:future_response_can_be_cancelled,future_response_can_be_cancelled,http.async.future-cancel,release_note_only,false,0,0,0,,false,,1badc0e5954e9af14ece46ef292c4d413a0257460b6b9b9f8b84fd77f6fd27d1
http-noncommon-0491,guzzle,5.0.0:middleware_can_modify_request_and_response,middleware_can_modify_request_and_response,http.middleware.modify-request-response,release_note_only,false,0,0,0,,false,,237c64a57ed42c888804ec0900b42818931fd1348744338dfb3ecc58cac8f089
http-noncommon-0492,guzzle,4.2.0:post_redirect_behavior_can_be_customized,post_redirect_behavior_can_be_customized,http.redirect.post-policy-option,release_note_only,false,0,0,0,,false,,1ab17f9a21e8af6542f5c27f7df4e4fafd286a977e566e95b96562a03a5f5ebb
http-noncommon-0493,guzzle,4.1.0:content_length_zero_is_set_before_request_event,content_length_zero_is_set_before_request_event,http.request.empty-body-content-length-zero,release_note_only,false,0,0,0,,false,,be300a3cd5a96f0826d308df74281afc0f5e2b67325ad5630bcf4c507948b287
http-noncommon-0494,guzzle,4.0.0:cookie_values_are_not_url_decoded_by_default,cookie_values_are_not_url_decoded_by_default,http.cookie.no-url-decode-default,release_note_only,false,0,0,0,,false,,a32a6f7184d43094f43dab7e15cf60d403c8bf865b0a13fac33824a0bd6acb38
http-noncommon-0495,guzzle,3.8.0:debug_curl_options_are_disabled_by_default,debug_curl_options_are_disabled_by_default,http.observability.debug-disabled-default,release_note_only,false,0,0,0,,false,,321c1afc1c5bbae5e28260f9f3ae3ecc131857ff3c123c022d00a9e4395c8d58
http-noncommon-0496,guzzle,3.7.0:response_json_accepts_scalar_values,response_json_accepts_scalar_values,http.response.json-scalar,release_note_only,false,0,0,0,,true,,ee6f26525097b703cb6ed7384afd028c1ec213d5f192d9780d303f9ffddad1bd
http-noncommon-0497,guzzle,3.6.0:strict_cookie_jar_rejects_invalid_cookies,strict_cookie_jar_rejects_invalid_cookies,http.cookie.strict-jar,release_note_only,false,0,0,0,,false,,e55f7e0592b97ce6312d0de50bb8d008ef8f0a81ee01d4fe0b655ae65875473f
http-noncommon-0498,guzzle,3.6.0:response_json_and_xml_helpers_exist,response_json_and_xml_helpers_exist,http.response.parse-helpers,release_note_only,false,0,0,0,,false,,c4aa6b8407a6ab8ef99f0afa89fb8ca7804a5cc0958811ffa20f8231d10817ed
http-noncommon-0499,guzzle,3.5.0:redirects_are_implemented_in_client_not_transport,redirects_are_implemented_in_client_not_transport,http.redirect.client-managed,release_note_only,false,0,0,0,,false,,73e463a1f0958d40ad4e34e0eb32a58de22e319913f39236b3ba0696a7c724ad
http-noncommon-0500,guzzle,3.5.0:streams_support_custom_rewind,streams_support_custom_rewind,http.stream.custom-rewind,release_note_only,false,0,0,0,,false,,18a30699d6a2bc5374a44bf52202833111f308308f2fb659ab557df2f80cd8ea
http-noncommon-0501,guzzle,3.4.0:post_request_custom_body_redirect_policy_differs_from_form_post,post_request_custom_body_redirect_policy_differs_from_form_post,http.redirect.post-custom-body-policy,release_note_only,false,0,0,0,,false,,bd4aeb042a805f401b25ae6947f315965a43d9b6a3d4c813f5ae6d38a159519d
http-noncommon-0502,guzzle,3.4.0:request_factory_uses_post_file_key_as_filename,request_factory_uses_post_file_key_as_filename,http.multipart.default-filename-key,release_note_only,false,0,0,0,,false,,f0985102f5bf6f6afefddac0d6639bc44a89e40876e8bc252a84c44cfc812eaa
http-noncommon-0503,guzzle,3.3.0:stream_response_from_http_request_is_supported,stream_response_from_http_request_is_supported,http.response.streaming-response,release_note_only,false,0,0,0,,false,,24db59ee4b8eaa1d8ae21792ffb9c91a5134ff6a3971b9a4703cb45cfe7dcb77
http-noncommon-0504,guzzle,3.2.0:string_zero_response_body_is_preserved,string_zero_response_body_is_preserved,http.response.string-zero-body,release_note_only,false,0,0,0,,true,,2e574c2541c3a840abbc90782442933eed5e15db7aa160acd4d81511c5910096
http-noncommon-0505,guzzle,3.2.0:mimetype_guessing_for_post_files_is_supported,mimetype_guessing_for_post_files_is_supported,http.multipart.mimetype-guessing,release_note_only,false,0,0,0,,true,,7d52c4df08ff9f1e68d055f174363a6f382068f802e17080a03b10c6d239b754
http-noncommon-0506,guzzle,3.2.0:strict_cookie_jar_deduplicates_cookies,strict_cookie_jar_deduplicates_cookies,http.cookie.jar-deduplication,release_note_only,false,0,0,0,,false,,344a5608da017bd342b6f4903c1a9e05cf0bc4535bc785e55ecc23066f18b10c
http-noncommon-0507,guzzle,3.1.0:default_accept_headers_are_not_sent_on_every_request,default_accept_headers_are_not_sent_on_every_request,http.headers.accept-default-policy,release_note_only,false,0,0,0,,true,,c99108f49182bc458cea1e683aaef3e7cb168be7a12dbf59b1a704de32951759
http-noncommon-0508,guzzle,3.1.0:expect_header_only_for_payloads_over_one_mb,expect_header_only_for_payloads_over_one_mb,http.request.expect-default-threshold,release_note_only,false,0,0,0,,true,,8d2637382221d62af1d1a3c9f064f11dd8d0ff33f71fe8cb2b51b7ae8526450c
http-noncommon-0509,guzzle,3.0.0:phar_uses_bundled_or_system_ca_certificate,phar_uses_bundled_or_system_ca_certificate,tls.ca-phar-policy,release_note_only,false,0,0,0,,false,,a87e86af1b4dc8cf9589a165cfeaeaead8cad2a6a9049eceddfe94db8b8ce60e
http-noncommon-0510,guzzle,2.8.0:oauth_nonce_is_unique_per_request,oauth_nonce_is_unique_per_request,http.auth.oauth-nonce-uniqueness,release_note_only,false,0,0,0,,false,,697fe41f077761690d1232a352a855948458afc68e5f4e8da5a1479c975458d7
http-noncommon-0511,guzzle,2.8.0:oauth_parameters_are_sorted_before_signing,oauth_parameters_are_sorted_before_signing,http.auth.oauth-parameter-sorting,release_note_only,false,0,0,0,,false,,32114804aa87c643e8ed368059716e45e209d66802a6cc158ab59cfc2518a57a
http-noncommon-0512,guzzle,2.7.0:delete_request_can_send_entity_body,delete_request_can_send_entity_body,http.request.delete-body,release_note_only,false,0,0,0,,true,,14e3cb012a08579c84a07edf605f0735b0aa220b1dabd6fb91fa4c2c00e097ae
http-noncommon-0513,guzzle,2.7.0:stream_read_operations_restore_original_position,stream_read_operations_restore_original_position,http.stream.read-position-restoration,release_note_only,false,0,0,0,,false,,8a3390521257845af4042b3011142adacb816bbd31fbf81a21d0b38db1c47a14
http-noncommon-0514,guzzle,2.6.0:post_redirects_can_be_customized,post_redirects_can_be_customized,http.redirect.postredir-option,release_note_only,false,0,0,0,,false,,0b89579a3a788602cf78447458643f3eeede645ccfc5f6a8eed9b2f8b4363fa0
http-noncommon-0515,guzzle,2.4.0:header_glue_is_used_when_transferring_headers,header_glue_is_used_when_transferring_headers,http.headers.glue-policy,release_note_only,false,0,0,0,,false,,ee5775e01ff588c01d6e7e1b513e5f4b352c3ba8ccc580626f33c201f3c5ea5a
http-noncommon-0516,guzzle,2.3.0:default_cookie_header_casing_is_cookie,default_cookie_header_casing_is_cookie,http.headers.cookie-casing,release_note_only,false,0,0,0,,false,,a72520af2766968dd068b0c52031016c30736d1e4fc036695db3a268a8fc7dec
http-noncommon-0517,guzzle,2.2.0:post_fields_and_files_are_aggregated,post_fields_and_files_are_aggregated,http.multipart.fields-and-files-aggregation,release_note_only,false,0,0,0,,false,,40d02cbbb857a3dc0bd8ee7d051006f89144eca618789f4aa71d9bfa7257869e
http-noncommon-0518,guzzle,2.1.0:empty_post_files_and_fields_are_ignored,empty_post_files_and_fields_are_ignored,http.multipart.empty-fields-ignored,release_note_only,false,0,0,0,,false,,2a38d21a7ee06d2abba88e8b8bd80555509eaadffc8e4ea080d2ec1557de1e80
http-noncommon-0519,guzzle,2.0.0:json_response_decode_errors_raise_exception,json_response_decode_errors_raise_exception,http.response.json-error,release_note_only,false,0,0,0,,true,,8b445cd86cc15778a10b33b3fc718cfdb0fe9bf61ee899f6c638d7be13471b3d
